mode,workload_id,configuration,lane,repetition,capture_incomplete,solutions,has_crashes,status,category,value,unit,share,measurement_domain
mutating,apex_maybe_cast,cufuzz,CuFuzz,1,False,0,False,complete,kernel_exec,239195879,ns,0.007975454666205197,serial_critical_path
mutating,apex_maybe_cast,cufuzz,CuFuzz,1,False,0,False,complete,feedback,3887528148,ns,0.12962098108709744,serial_critical_path
mutating,apex_maybe_cast,cufuzz,CuFuzz,1,False,0,False,complete,gpu_overhead,0,ns,0.0,serial_critical_path
mutating,apex_maybe_cast,cufuzz,CuFuzz,1,False,0,False,complete,memcpy,2553949156,ns,0.08515575518536013,serial_critical_path
mutating,apex_maybe_cast,cufuzz,CuFuzz,1,False,0,False,complete,free,8507463280,ns,0.28366244434355564,serial_critical_path
mutating,apex_maybe_cast,cufuzz,CuFuzz,1,False,0,False,complete,launch,1050965069,ns,0.035042093110536895,serial_critical_path
mutating,apex_maybe_cast,cufuzz,CuFuzz,1,False,0,False,complete,idle,3928189399,ns,0.13097674008000923,serial_critical_path
mutating,apex_maybe_cast,cufuzz,CuFuzz,1,False,0,False,complete,allocation,9824212878,ns,0.3275665315272354,serial_critical_path
mutating,apex_maybe_cast,libafl,LibAFL,1,False,0,False,complete,kernel_exec,551869836,ns,0.018408671770541053,serial_critical_path
mutating,apex_maybe_cast,libafl,LibAFL,1,False,0,False,complete,feedback,10686768911,ns,0.3564775755749431,serial_critical_path
mutating,apex_maybe_cast,libafl,LibAFL,1,False,0,False,complete,gpu_overhead,745207033,ns,0.024857803012077934,serial_critical_path
mutating,apex_maybe_cast,libafl,LibAFL,1,False,0,False,complete,memcpy,8236791253,ns,0.27475389435660436,serial_critical_path
mutating,apex_maybe_cast,libafl,LibAFL,1,False,0,False,complete,free,395776,ns,1.3201863924046132e-05,serial_critical_path
mutating,apex_maybe_cast,libafl,LibAFL,1,False,0,False,complete,launch,1501255233,ns,0.05007723384269933,serial_critical_path
mutating,apex_maybe_cast,libafl,LibAFL,1,False,0,False,complete,idle,8256509064,ns,0.27541161957921023,serial_critical_path
mutating,apex_maybe_cast,libafl,LibAFL,1,False,0,False,complete,allocation,0,ns,0.0,serial_critical_path
mutating,apex_maybe_cast,libafl-plus,LibAFL+,1,False,0,False,complete,kernel_exec,2362828708,ns,0.07879167108758722,serial_critical_path
mutating,apex_maybe_cast,libafl-plus,LibAFL+,1,False,0,False,complete,feedback,7534163182,ns,0.2512367085038623,serial_critical_path
mutating,apex_maybe_cast,libafl-plus,LibAFL+,1,False,0,False,complete,gpu_overhead,190279006,ns,0.006345106949506827,serial_critical_path
mutating,apex_maybe_cast,libafl-plus,LibAFL+,1,False,0,False,complete,memcpy,12337869913,ns,0.41142270906695555,serial_critical_path
mutating,apex_maybe_cast,libafl-plus,LibAFL+,1,False,0,False,complete,free,410552,ns,1.3690403387612434e-05,serial_critical_path
mutating,apex_maybe_cast,libafl-plus,LibAFL+,1,False,0,False,complete,launch,973580906,ns,0.0324653523393314,serial_critical_path
mutating,apex_maybe_cast,libafl-plus,LibAFL+,1,False,0,False,complete,idle,6589173291,ns,0.21972476164936908,serial_critical_path
mutating,apex_maybe_cast,libafl-plus,LibAFL+,1,False,0,False,complete,allocation,0,ns,0.0,serial_critical_path
mutating,apex_maybe_cast,gunit-sync,GUnit-s-GPU,1,False,0,False,complete,kernel_exec,6088172161,cycles,0.10438787705227916,persistent_device_cycles
mutating,apex_maybe_cast,gunit-sync,GUnit-s-GPU,1,False,0,False,complete,feedback,1707250165,cycles,0.029272532971904457,persistent_device_cycles
mutating,apex_maybe_cast,gunit-sync,GUnit-s-GPU,1,False,0,False,complete,gpu_overhead,1324158445,cycles,0.0227040374843298,persistent_device_cycles
mutating,apex_maybe_cast,gunit-sync,GUnit-s-GPU,1,False,0,False,complete,memcpy,0,cycles,0.0,persistent_device_cycles
mutating,apex_maybe_cast,gunit-sync,GUnit-s-GPU,1,False,0,False,complete,free,0,cycles,0.0,persistent_device_cycles
mutating,apex_maybe_cast,gunit-sync,GUnit-s-GPU,1,False,0,False,complete,launch,0,cycles,0.0,persistent_device_cycles
mutating,apex_maybe_cast,gunit-sync,GUnit-s-GPU,1,False,0,False,complete,idle,49203016957,cycles,0.8436355524914866,persistent_device_cycles
mutating,apex_maybe_cast,gunit-sync,GUnit-s-GPU,1,False,0,False,complete,allocation,0,cycles,0.0,persistent_device_cycles
mutating,apex_maybe_cast,gunit-sync,GUnit-s-CPU,1,False,0,False,complete,kernel_exec,0,ns,0.0,host_thread_time
mutating,apex_maybe_cast,gunit-sync,GUnit-s-CPU,1,False,0,False,complete,feedback,0,ns,0.0,host_thread_time
mutating,apex_maybe_cast,gunit-sync,GUnit-s-CPU,1,False,0,False,complete,gpu_overhead,0,ns,0.0,host_thread_time
mutating,apex_maybe_cast,gunit-sync,GUnit-s-CPU,1,False,0,False,complete,memcpy,24335132138,ns,0.8116215385080774,host_thread_time
mutating,apex_maybe_cast,gunit-sync,GUnit-s-CPU,1,False,0,False,complete,free,0,ns,0.0,host_thread_time
mutating,apex_maybe_cast,gunit-sync,GUnit-s-CPU,1,False,0,False,complete,launch,0,ns,0.0,host_thread_time
mutating,apex_maybe_cast,gunit-sync,GUnit-s-CPU,1,False,0,False,complete,idle,5648217223,ns,0.18837846149192258,host_thread_time
mutating,apex_maybe_cast,gunit-sync,GUnit-s-CPU,1,False,0,False,complete,allocation,0,ns,0.0,host_thread_time
mutating,apex_maybe_cast,gunit,GUnit-GPU,1,False,0,False,complete,kernel_exec,9389749413,cycles,0.15855546174102542,persistent_device_cycles
mutating,apex_maybe_cast,gunit,GUnit-GPU,1,False,0,False,complete,feedback,2558570303,cycles,0.0432040598684548,persistent_device_cycles
mutating,apex_maybe_cast,gunit,GUnit-GPU,1,False,0,False,complete,gpu_overhead,2496470561,cycles,0.04215544261215438,persistent_device_cycles
mutating,apex_maybe_cast,gunit,GUnit-GPU,1,False,0,False,complete,memcpy,0,cycles,0.0,persistent_device_cycles
mutating,apex_maybe_cast,gunit,GUnit-GPU,1,False,0,False,complete,free,0,cycles,0.0,persistent_device_cycles
mutating,apex_maybe_cast,gunit,GUnit-GPU,1,False,0,False,complete,launch,0,cycles,0.0,persistent_device_cycles
mutating,apex_maybe_cast,gunit,GUnit-GPU,1,False,0,False,complete,idle,44775808685,cycles,0.7560850357783654,persistent_device_cycles
mutating,apex_maybe_cast,gunit,GUnit-GPU,1,False,0,False,complete,allocation,0,cycles,0.0,persistent_device_cycles
mutating,apex_maybe_cast,gunit,GUnit-Coll,1,False,0,False,complete,kernel_exec,0,ns,0.0,host_thread_time
mutating,apex_maybe_cast,gunit,GUnit-Coll,1,False,0,False,complete,feedback,0,ns,0.0,host_thread_time
mutating,apex_maybe_cast,gunit,GUnit-Coll,1,False,0,False,complete,gpu_overhead,0,ns,0.0,host_thread_time
mutating,apex_maybe_cast,gunit,GUnit-Coll,1,False,0,False,complete,memcpy,4454059399,ns,0.14987306681158238,host_thread_time
mutating,apex_maybe_cast,gunit,GUnit-Coll,1,False,0,False,complete,free,0,ns,0.0,host_thread_time
mutating,apex_maybe_cast,gunit,GUnit-Coll,1,False,0,False,complete,launch,0,ns,0.0,host_thread_time
mutating,apex_maybe_cast,gunit,GUnit-Coll,1,False,0,False,complete,idle,25264818674,ns,0.8501269331884176,host_thread_time
mutating,apex_maybe_cast,gunit,GUnit-Coll,1,False,0,False,complete,allocation,0,ns,0.0,host_thread_time
mutating,apex_maybe_cast,gunit,GUnit-Disp,1,False,0,False,complete,kernel_exec,0,ns,0.0,host_thread_time
mutating,apex_maybe_cast,gunit,GUnit-Disp,1,False,0,False,complete,feedback,0,ns,0.0,host_thread_time
mutating,apex_maybe_cast,gunit,GUnit-Disp,1,False,0,False,complete,gpu_overhead,0,ns,0.0,host_thread_time
mutating,apex_maybe_cast,gunit,GUnit-Disp,1,False,0,False,complete,memcpy,7486702649,ns,0.25191740517963124,host_thread_time
mutating,apex_maybe_cast,gunit,GUnit-Disp,1,False,0,False,complete,free,0,ns,0.0,host_thread_time
mutating,apex_maybe_cast,gunit,GUnit-Disp,1,False,0,False,complete,launch,0,ns,0.0,host_thread_time
mutating,apex_maybe_cast,gunit,GUnit-Disp,1,False,0,False,complete,idle,22232175424,ns,0.7480825948203688,host_thread_time
mutating,apex_maybe_cast,gunit,GUnit-Disp,1,False,0,False,complete,allocation,0,ns,0.0,host_thread_time
mutating,shoc_reduction,cufuzz,CuFuzz,1,False,0,False,complete,kernel_exec,260223277,ns,0.008676536083902649,serial_critical_path
mutating,shoc_reduction,cufuzz,CuFuzz,1,False,0,False,complete,feedback,3981058849,ns,0.13273908911495433,serial_critical_path
mutating,shoc_reduction,cufuzz,CuFuzz,1,False,0,False,complete,gpu_overhead,0,ns,0.0,serial_critical_path
mutating,shoc_reduction,cufuzz,CuFuzz,1,False,0,False,complete,memcpy,2467775967,ns,0.08228221345726597,serial_critical_path
mutating,shoc_reduction,cufuzz,CuFuzz,1,False,0,False,complete,free,8518203968,ns,0.2840195733081738,serial_critical_path
mutating,shoc_reduction,cufuzz,CuFuzz,1,False,0,False,complete,launch,997656416,ns,0.03326451804217726,serial_critical_path
mutating,shoc_reduction,cufuzz,CuFuzz,1,False,0,False,complete,idle,3823858829,ns,0.12749762239589438,serial_critical_path
mutating,shoc_reduction,cufuzz,CuFuzz,1,False,0,False,complete,allocation,9942831613,ns,0.3315204475976316,serial_critical_path
mutating,shoc_reduction,libafl,LibAFL,1,False,0,False,complete,kernel_exec,694780423,ns,0.023172007446470907,serial_critical_path
mutating,shoc_reduction,libafl,LibAFL,1,False,0,False,complete,feedback,10475527720,ns,0.3493751382421327,serial_critical_path
mutating,shoc_reduction,libafl,LibAFL,1,False,0,False,complete,gpu_overhead,531858069,ns,0.0177382936066603,serial_critical_path
mutating,shoc_reduction,libafl,LibAFL,1,False,0,False,complete,memcpy,8422301403,ns,0.2808968479336937,serial_critical_path
mutating,shoc_reduction,libafl,LibAFL,1,False,0,False,complete,free,397246,ns,1.3248771792294415e-05,serial_critical_path
mutating,shoc_reduction,libafl,LibAFL,1,False,0,False,complete,launch,1481833460,ns,0.049421450047894847,serial_critical_path
mutating,shoc_reduction,libafl,LibAFL,1,False,0,False,complete,idle,8376911196,ns,0.2793830139513553,serial_critical_path
mutating,shoc_reduction,libafl,LibAFL,1,False,0,False,complete,allocation,0,ns,0.0,serial_critical_path
mutating,shoc_reduction,libafl-plus,LibAFL+,1,False,0,False,complete,kernel_exec,2682743722,ns,0.08946015652796467,serial_critical_path
mutating,shoc_reduction,libafl-plus,LibAFL+,1,False,0,False,complete,feedback,7944377632,ns,0.2649173160476718,serial_critical_path
mutating,shoc_reduction,libafl-plus,LibAFL+,1,False,0,False,complete,gpu_overhead,130915640,ns,0.00436558048773571,serial_critical_path
mutating,shoc_reduction,libafl-plus,LibAFL+,1,False,0,False,complete,memcpy,12305650644,ns,0.4103505764501382,serial_critical_path
mutating,shoc_reduction,libafl-plus,LibAFL+,1,False,0,False,complete,free,404569,ns,1.3490966643425861e-05,serial_critical_path
mutating,shoc_reduction,libafl-plus,LibAFL+,1,False,0,False,complete,launch,960842546,ns,0.032040751361746396,serial_critical_path
mutating,shoc_reduction,libafl-plus,LibAFL+,1,False,0,False,complete,idle,5963205511,ns,0.19885212815809977,serial_critical_path
mutating,shoc_reduction,libafl-plus,LibAFL+,1,False,0,False,complete,allocation,0,ns,0.0,serial_critical_path
mutating,shoc_reduction,gunit-sync,GUnit-s-GPU,1,False,0,False,complete,kernel_exec,3403199309,cycles,0.05814831249696397,persistent_device_cycles
mutating,shoc_reduction,gunit-sync,GUnit-s-GPU,1,False,0,False,complete,feedback,1395665171,cycles,0.023846847373827043,persistent_device_cycles
mutating,shoc_reduction,gunit-sync,GUnit-s-GPU,1,False,0,False,complete,gpu_overhead,1066574317,cycles,0.018223880253541713,persistent_device_cycles
mutating,shoc_reduction,gunit-sync,GUnit-s-GPU,1,False,0,False,complete,memcpy,0,cycles,0.0,persistent_device_cycles
mutating,shoc_reduction,gunit-sync,GUnit-s-GPU,1,False,0,False,complete,free,0,cycles,0.0,persistent_device_cycles
mutating,shoc_reduction,gunit-sync,GUnit-s-GPU,1,False,0,False,complete,launch,0,cycles,0.0,persistent_device_cycles
mutating,shoc_reduction,gunit-sync,GUnit-s-GPU,1,False,0,False,complete,idle,52660753329,cycles,0.8997809598756673,persistent_device_cycles
mutating,shoc_reduction,gunit-sync,GUnit-s-GPU,1,False,0,False,complete,allocation,0,cycles,0.0,persistent_device_cycles
mutating,shoc_reduction,gunit-sync,GUnit-s-CPU,1,False,0,False,complete,kernel_exec,0,ns,0.0,host_thread_time
mutating,shoc_reduction,gunit-sync,GUnit-s-CPU,1,False,0,False,complete,feedback,0,ns,0.0,host_thread_time
mutating,shoc_reduction,gunit-sync,GUnit-s-CPU,1,False,0,False,complete,gpu_overhead,0,ns,0.0,host_thread_time
mutating,shoc_reduction,gunit-sync,GUnit-s-CPU,1,False,0,False,complete,memcpy,24521077219,ns,0.8177969524466681,host_thread_time
mutating,shoc_reduction,gunit-sync,GUnit-s-CPU,1,False,0,False,complete,free,0,ns,0.0,host_thread_time
mutating,shoc_reduction,gunit-sync,GUnit-s-CPU,1,False,0,False,complete,launch,0,ns,0.0,host_thread_time
mutating,shoc_reduction,gunit-sync,GUnit-s-CPU,1,False,0,False,complete,idle,5463232634,ns,0.182203047553332,host_thread_time
mutating,shoc_reduction,gunit-sync,GUnit-s-CPU,1,False,0,False,complete,allocation,0,ns,0.0,host_thread_time
mutating,shoc_reduction,gunit,GUnit-GPU,1,False,0,False,complete,kernel_exec,5965824657,cycles,0.10083525922293467,persistent_device_cycles
mutating,shoc_reduction,gunit,GUnit-GPU,1,False,0,False,complete,feedback,2422968479,cycles,0.040953375051392286,persistent_device_cycles
mutating,shoc_reduction,gunit,GUnit-GPU,1,False,0,False,complete,gpu_overhead,2221464944,cycles,0.037547532212511364,persistent_device_cycles
mutating,shoc_reduction,gunit,GUnit-GPU,1,False,0,False,complete,memcpy,0,cycles,0.0,persistent_device_cycles
mutating,shoc_reduction,gunit,GUnit-GPU,1,False,0,False,complete,free,0,cycles,0.0,persistent_device_cycles
mutating,shoc_reduction,gunit,GUnit-GPU,1,False,0,False,complete,launch,0,cycles,0.0,persistent_device_cycles
mutating,shoc_reduction,gunit,GUnit-GPU,1,False,0,False,complete,idle,48553815112,cycles,0.8206638335131616,persistent_device_cycles
mutating,shoc_reduction,gunit,GUnit-GPU,1,False,0,False,complete,allocation,0,cycles,0.0,persistent_device_cycles
mutating,shoc_reduction,gunit,GUnit-Coll,1,False,0,False,complete,kernel_exec,0,ns,0.0,host_thread_time
mutating,shoc_reduction,gunit,GUnit-Coll,1,False,0,False,complete,feedback,0,ns,0.0,host_thread_time
mutating,shoc_reduction,gunit,GUnit-Coll,1,False,0,False,complete,gpu_overhead,0,ns,0.0,host_thread_time
mutating,shoc_reduction,gunit,GUnit-Coll,1,False,0,False,complete,memcpy,4463690264,ns,0.15028122169655717,host_thread_time
mutating,shoc_reduction,gunit,GUnit-Coll,1,False,0,False,complete,free,0,ns,0.0,host_thread_time
mutating,shoc_reduction,gunit,GUnit-Coll,1,False,0,False,complete,launch,0,ns,0.0,host_thread_time
mutating,shoc_reduction,gunit,GUnit-Coll,1,False,0,False,complete,idle,25238558717,ns,0.8497187783034429,host_thread_time
mutating,shoc_reduction,gunit,GUnit-Coll,1,False,0,False,complete,allocation,0,ns,0.0,host_thread_time
mutating,shoc_reduction,gunit,GUnit-Disp,1,False,0,False,complete,kernel_exec,0,ns,0.0,host_thread_time
mutating,shoc_reduction,gunit,GUnit-Disp,1,False,0,False,complete,feedback,0,ns,0.0,host_thread_time
mutating,shoc_reduction,gunit,GUnit-Disp,1,False,0,False,complete,gpu_overhead,0,ns,0.0,host_thread_time
mutating,shoc_reduction,gunit,GUnit-Disp,1,False,0,False,complete,memcpy,7193955424,ns,0.24220238099148134,host_thread_time
mutating,shoc_reduction,gunit,GUnit-Disp,1,False,0,False,complete,free,0,ns,0.0,host_thread_time
mutating,shoc_reduction,gunit,GUnit-Disp,1,False,0,False,complete,launch,0,ns,0.0,host_thread_time
mutating,shoc_reduction,gunit,GUnit-Disp,1,False,0,False,complete,idle,22508293557,ns,0.7577976190085187,host_thread_time
mutating,shoc_reduction,gunit,GUnit-Disp,1,False,0,False,complete,allocation,0,ns,0.0,host_thread_time
mutating,shoc_radix_sort,cufuzz,CuFuzz,1,False,0,False,complete,kernel_exec,360010888,ns,0.012003682301597126,serial_critical_path
mutating,shoc_radix_sort,cufuzz,CuFuzz,1,False,0,False,complete,feedback,3722389701,ns,0.12411397783486236,serial_critical_path
mutating,shoc_radix_sort,cufuzz,CuFuzz,1,False,0,False,complete,gpu_overhead,0,ns,0.0,serial_critical_path
mutating,shoc_radix_sort,cufuzz,CuFuzz,1,False,0,False,complete,memcpy,2694451937,ns,0.08983990792153762,serial_critical_path
mutating,shoc_radix_sort,cufuzz,CuFuzz,1,False,0,False,complete,free,8237728999,ns,0.27466692004784504,serial_critical_path
mutating,shoc_radix_sort,cufuzz,CuFuzz,1,False,0,False,complete,launch,992877730,ns,0.03310507885320104,serial_critical_path
mutating,shoc_radix_sort,cufuzz,CuFuzz,1,False,0,False,complete,idle,4498396782,ns,0.1499880354664575,serial_critical_path
mutating,shoc_radix_sort,cufuzz,CuFuzz,1,False,0,False,complete,allocation,9485848088,ns,0.3162823975744993,serial_critical_path
mutating,shoc_radix_sort,libafl,LibAFL,1,False,0,False,complete,kernel_exec,951781800,ns,0.03174196034360125,serial_critical_path
mutating,shoc_radix_sort,libafl,LibAFL,1,False,0,False,complete,feedback,9573568280,ns,0.3192788774596434,serial_critical_path
mutating,shoc_radix_sort,libafl,LibAFL,1,False,0,False,complete,gpu_overhead,526886108,ns,0.01757167235781395,serial_critical_path
mutating,shoc_radix_sort,libafl,LibAFL,1,False,0,False,complete,memcpy,8181568835,ns,0.27285564139702384,serial_critical_path
mutating,shoc_radix_sort,libafl,LibAFL,1,False,0,False,complete,free,428333,ns,1.4284922342343334e-05,serial_critical_path
mutating,shoc_radix_sort,libafl,LibAFL,1,False,0,False,complete,launch,1353492656,ns,0.045139033139851514,serial_critical_path
mutating,shoc_radix_sort,libafl,LibAFL,1,False,0,False,complete,idle,9397246236,ns,0.3133985303797237,serial_critical_path
mutating,shoc_radix_sort,libafl,LibAFL,1,False,0,False,complete,allocation,0,ns,0.0,serial_critical_path
mutating,shoc_radix_sort,libafl-plus,LibAFL+,1,False,0,False,complete,kernel_exec,3557202697,ns,0.11861324895222988,serial_critical_path
mutating,shoc_radix_sort,libafl-plus,LibAFL+,1,False,0,False,complete,feedback,6709876770,ns,0.2237376814174821,serial_critical_path
mutating,shoc_radix_sort,libafl-plus,LibAFL+,1,False,0,False,complete,gpu_overhead,194154922,ns,0.006474004452405478,serial_critical_path
mutating,shoc_radix_sort,libafl-plus,LibAFL+,1,False,0,False,complete,memcpy,11901815009,ns,0.3968604172701444,serial_critical_path
mutating,shoc_radix_sort,libafl-plus,LibAFL+,1,False,0,False,complete,free,385813,ns,1.286475281731933e-05,serial_critical_path
mutating,shoc_radix_sort,libafl-plus,LibAFL+,1,False,0,False,complete,launch,891000402,ns,0.029709988859530797,serial_critical_path
mutating,shoc_radix_sort,libafl-plus,LibAFL+,1,False,0,False,complete,idle,6735491553,ns,0.22459179429538997,serial_critical_path
mutating,shoc_radix_sort,libafl-plus,LibAFL+,1,False,0,False,complete,allocation,0,ns,0.0,serial_critical_path
mutating,shoc_radix_sort,gunit-sync,GUnit-s-GPU,1,False,0,False,complete,kernel_exec,8546739070,cycles,0.1461246043993835,persistent_device_cycles
mutating,shoc_radix_sort,gunit-sync,GUnit-s-GPU,1,False,0,False,complete,feedback,1369972596,cycles,0.02342258281069723,persistent_device_cycles
mutating,shoc_radix_sort,gunit-sync,GUnit-s-GPU,1,False,0,False,complete,gpu_overhead,1234038667,cycles,0.021098504418120435,persistent_device_cycles
mutating,shoc_radix_sort,gunit-sync,GUnit-s-GPU,1,False,0,False,complete,memcpy,0,cycles,0.0,persistent_device_cycles
mutating,shoc_radix_sort,gunit-sync,GUnit-s-GPU,1,False,0,False,complete,free,0,cycles,0.0,persistent_device_cycles
mutating,shoc_radix_sort,gunit-sync,GUnit-s-GPU,1,False,0,False,complete,launch,0,cycles,0.0,persistent_device_cycles
mutating,shoc_radix_sort,gunit-sync,GUnit-s-GPU,1,False,0,False,complete,idle,47338640315,cycles,0.8093543083717989,persistent_device_cycles
mutating,shoc_radix_sort,gunit-sync,GUnit-s-GPU,1,False,0,False,complete,allocation,0,cycles,0.0,persistent_device_cycles
mutating,shoc_radix_sort,gunit-sync,GUnit-s-CPU,1,False,0,False,complete,kernel_exec,0,ns,0.0,host_thread_time
mutating,shoc_radix_sort,gunit-sync,GUnit-s-CPU,1,False,0,False,complete,feedback,0,ns,0.0,host_thread_time
mutating,shoc_radix_sort,gunit-sync,GUnit-s-CPU,1,False,0,False,complete,gpu_overhead,0,ns,0.0,host_thread_time
mutating,shoc_radix_sort,gunit-sync,GUnit-s-CPU,1,False,0,False,complete,memcpy,24746004023,ns,0.825280059096035,host_thread_time
mutating,shoc_radix_sort,gunit-sync,GUnit-s-CPU,1,False,0,False,complete,free,0,ns,0.0,host_thread_time
mutating,shoc_radix_sort,gunit-sync,GUnit-s-CPU,1,False,0,False,complete,launch,0,ns,0.0,host_thread_time
mutating,shoc_radix_sort,gunit-sync,GUnit-s-CPU,1,False,0,False,complete,idle,5238973501,ns,0.17471994090396503,host_thread_time
mutating,shoc_radix_sort,gunit-sync,GUnit-s-CPU,1,False,0,False,complete,allocation,0,ns,0.0,host_thread_time
mutating,shoc_radix_sort,gunit,GUnit-GPU,1,False,0,False,complete,kernel_exec,14850579162,cycles,0.2503045391208804,persistent_device_cycles
mutating,shoc_radix_sort,gunit,GUnit-GPU,1,False,0,False,complete,feedback,2322990564,cycles,0.039153697385218116,persistent_device_cycles
mutating,shoc_radix_sort,gunit,GUnit-GPU,1,False,0,False,complete,gpu_overhead,2564460959,cycles,0.04322364881758178,persistent_device_cycles
mutating,shoc_radix_sort,gunit,GUnit-GPU,1,False,0,False,complete,memcpy,0,cycles,0.0,persistent_device_cycles
mutating,shoc_radix_sort,gunit,GUnit-GPU,1,False,0,False,complete,free,0,cycles,0.0,persistent_device_cycles
mutating,shoc_radix_sort,gunit,GUnit-GPU,1,False,0,False,complete,launch,0,cycles,0.0,persistent_device_cycles
mutating,shoc_radix_sort,gunit,GUnit-GPU,1,False,0,False,complete,idle,39592012686,cycles,0.6673181146763197,persistent_device_cycles
mutating,shoc_radix_sort,gunit,GUnit-GPU,1,False,0,False,complete,allocation,0,cycles,0.0,persistent_device_cycles
mutating,shoc_radix_sort,gunit,GUnit-Coll,1,False,0,False,complete,kernel_exec,0,ns,0.0,host_thread_time
mutating,shoc_radix_sort,gunit,GUnit-Coll,1,False,0,False,complete,feedback,0,ns,0.0,host_thread_time
mutating,shoc_radix_sort,gunit,GUnit-Coll,1,False,0,False,complete,gpu_overhead,0,ns,0.0,host_thread_time
mutating,shoc_radix_sort,gunit,GUnit-Coll,1,False,0,False,complete,memcpy,4326942157,ns,0.1457037060980012,host_thread_time
mutating,shoc_radix_sort,gunit,GUnit-Coll,1,False,0,False,complete,free,0,ns,0.0,host_thread_time
mutating,shoc_radix_sort,gunit,GUnit-Coll,1,False,0,False,complete,launch,0,ns,0.0,host_thread_time
mutating,shoc_radix_sort,gunit,GUnit-Coll,1,False,0,False,complete,idle,25369915067,ns,0.8542962939019988,host_thread_time
mutating,shoc_radix_sort,gunit,GUnit-Coll,1,False,0,False,complete,allocation,0,ns,0.0,host_thread_time
mutating,shoc_radix_sort,gunit,GUnit-Disp,1,False,0,False,complete,kernel_exec,0,ns,0.0,host_thread_time
mutating,shoc_radix_sort,gunit,GUnit-Disp,1,False,0,False,complete,feedback,0,ns,0.0,host_thread_time
mutating,shoc_radix_sort,gunit,GUnit-Disp,1,False,0,False,complete,gpu_overhead,0,ns,0.0,host_thread_time
mutating,shoc_radix_sort,gunit,GUnit-Disp,1,False,0,False,complete,memcpy,7252323264,ns,0.24421181033725403,host_thread_time
mutating,shoc_radix_sort,gunit,GUnit-Disp,1,False,0,False,complete,free,0,ns,0.0,host_thread_time
mutating,shoc_radix_sort,gunit,GUnit-Disp,1,False,0,False,complete,launch,0,ns,0.0,host_thread_time
mutating,shoc_radix_sort,gunit,GUnit-Disp,1,False,0,False,complete,idle,22444533960,ns,0.755788189662746,host_thread_time
mutating,shoc_radix_sort,gunit,GUnit-Disp,1,False,0,False,complete,allocation,0,ns,0.0,host_thread_time
mutating,shoc_scan,cufuzz,CuFuzz,1,False,0,False,complete,kernel_exec,234943765,ns,0.007833778644458545,serial_critical_path
mutating,shoc_scan,cufuzz,CuFuzz,1,False,0,False,complete,feedback,4046811797,ns,0.13493368437967065,serial_critical_path
mutating,shoc_scan,cufuzz,CuFuzz,1,False,0,False,complete,gpu_overhead,0,ns,0.0,serial_critical_path
mutating,shoc_scan,cufuzz,CuFuzz,1,False,0,False,complete,memcpy,2465900150,ns,0.08222101971694003,serial_critical_path
mutating,shoc_scan,cufuzz,CuFuzz,1,False,0,False,complete,free,8596314838,ns,0.2866287070821672,serial_critical_path
mutating,shoc_scan,cufuzz,CuFuzz,1,False,0,False,complete,launch,1000562797,ns,0.03336197268984053,serial_critical_path
mutating,shoc_scan,cufuzz,CuFuzz,1,False,0,False,complete,idle,3772785096,ns,0.1257967553008963,serial_critical_path
mutating,shoc_scan,cufuzz,CuFuzz,1,False,0,False,complete,allocation,9873797679,ns,0.3292240821860268,serial_critical_path
mutating,shoc_scan,libafl,LibAFL,1,False,0,False,complete,kernel_exec,760039161,ns,0.025349501328944906,serial_critical_path
mutating,shoc_scan,libafl,LibAFL,1,False,0,False,complete,feedback,11011918769,ns,0.36727929795317327,serial_critical_path
mutating,shoc_scan,libafl,LibAFL,1,False,0,False,complete,gpu_overhead,407385039,ns,0.013587467748287212,serial_critical_path
mutating,shoc_scan,libafl,LibAFL,1,False,0,False,complete,memcpy,8231428184,ns,0.27454190572875303,serial_critical_path
mutating,shoc_scan,libafl,LibAFL,1,False,0,False,complete,free,426658,ns,1.4230276665974289e-05,serial_critical_path
mutating,shoc_scan,libafl,LibAFL,1,False,0,False,complete,launch,1505262627,ns,0.05020485643574305,serial_critical_path
mutating,shoc_scan,libafl,LibAFL,1,False,0,False,complete,idle,8065950306,ns,0.26902274052843256,serial_critical_path
mutating,shoc_scan,libafl,LibAFL,1,False,0,False,complete,allocation,0,ns,0.0,serial_critical_path
mutating,shoc_scan,libafl-plus,LibAFL+,1,False,0,False,complete,kernel_exec,944718940,ns,0.03150302777791424,serial_critical_path
mutating,shoc_scan,libafl-plus,LibAFL+,1,False,0,False,complete,feedback,8879303820,ns,0.2960933067458138,serial_critical_path
mutating,shoc_scan,libafl-plus,LibAFL+,1,False,0,False,complete,gpu_overhead,104281329,ns,0.0034774126622303288,serial_critical_path
mutating,shoc_scan,libafl-plus,LibAFL+,1,False,0,False,complete,memcpy,12830423393,ns,0.4278491384454299,serial_critical_path
mutating,shoc_scan,libafl-plus,LibAFL+,1,False,0,False,complete,free,575676,ns,1.9196753924589002e-05,serial_critical_path
mutating,shoc_scan,libafl-plus,LibAFL+,1,False,0,False,complete,launch,1058904540,ns,0.03531071276900567,serial_critical_path
mutating,shoc_scan,libafl-plus,LibAFL+,1,False,0,False,complete,idle,6169987299,ns,0.2057472048456815,serial_critical_path
mutating,shoc_scan,libafl-plus,LibAFL+,1,False,0,False,complete,allocation,0,ns,0.0,serial_critical_path
mutating,shoc_scan,gunit-sync,GUnit-s-GPU,1,False,0,False,complete,kernel_exec,2278404054,cycles,0.03910564404534087,persistent_device_cycles
mutating,shoc_scan,gunit-sync,GUnit-s-GPU,1,False,0,False,complete,feedback,1518843514,cycles,0.02606884135181525,persistent_device_cycles
mutating,shoc_scan,gunit-sync,GUnit-s-GPU,1,False,0,False,complete,gpu_overhead,1230830178,cycles,0.021125492090232886,persistent_device_cycles
mutating,shoc_scan,gunit-sync,GUnit-s-GPU,1,False,0,False,complete,memcpy,0,cycles,0.0,persistent_device_cycles
mutating,shoc_scan,gunit-sync,GUnit-s-GPU,1,False,0,False,complete,free,0,cycles,0.0,persistent_device_cycles
mutating,shoc_scan,gunit-sync,GUnit-s-GPU,1,False,0,False,complete,launch,0,cycles,0.0,persistent_device_cycles
mutating,shoc_scan,gunit-sync,GUnit-s-GPU,1,False,0,False,complete,idle,53234715506,cycles,0.913700022512611,persistent_device_cycles
mutating,shoc_scan,gunit-sync,GUnit-s-GPU,1,False,0,False,complete,allocation,0,cycles,0.0,persistent_device_cycles
mutating,shoc_scan,gunit-sync,GUnit-s-CPU,1,False,0,False,complete,kernel_exec,0,ns,0.0,host_thread_time
mutating,shoc_scan,gunit-sync,GUnit-s-CPU,1,False,0,False,complete,feedback,0,ns,0.0,host_thread_time
mutating,shoc_scan,gunit-sync,GUnit-s-CPU,1,False,0,False,complete,gpu_overhead,0,ns,0.0,host_thread_time
mutating,shoc_scan,gunit-sync,GUnit-s-CPU,1,False,0,False,complete,memcpy,24774542708,ns,0.8262899246467849,host_thread_time
mutating,shoc_scan,gunit-sync,GUnit-s-CPU,1,False,0,False,complete,free,0,ns,0.0,host_thread_time
mutating,shoc_scan,gunit-sync,GUnit-s-CPU,1,False,0,False,complete,launch,0,ns,0.0,host_thread_time
mutating,shoc_scan,gunit-sync,GUnit-s-CPU,1,False,0,False,complete,idle,5208326463,ns,0.1737100753532151,host_thread_time
mutating,shoc_scan,gunit-sync,GUnit-s-CPU,1,False,0,False,complete,allocation,0,ns,0.0,host_thread_time
mutating,shoc_scan,gunit,GUnit-GPU,1,False,0,False,complete,kernel_exec,3592415763,cycles,0.0605951136520205,persistent_device_cycles
mutating,shoc_scan,gunit,GUnit-GPU,1,False,0,False,complete,feedback,2524950933,cycles,0.04258963851754767,persistent_device_cycles
mutating,shoc_scan,gunit,GUnit-GPU,1,False,0,False,complete,gpu_overhead,1848220403,cycles,0.03117487862269135,persistent_device_cycles
mutating,shoc_scan,gunit,GUnit-GPU,1,False,0,False,complete,memcpy,0,cycles,0.0,persistent_device_cycles
mutating,shoc_scan,gunit,GUnit-GPU,1,False,0,False,complete,free,0,cycles,0.0,persistent_device_cycles
mutating,shoc_scan,gunit,GUnit-GPU,1,False,0,False,complete,launch,0,cycles,0.0,persistent_device_cycles
mutating,shoc_scan,gunit,GUnit-GPU,1,False,0,False,complete,idle,51319981431,cycles,0.8656403692077405,persistent_device_cycles
mutating,shoc_scan,gunit,GUnit-GPU,1,False,0,False,complete,allocation,0,cycles,0.0,persistent_device_cycles
mutating,shoc_scan,gunit,GUnit-Coll,1,False,0,False,complete,kernel_exec,0,ns,0.0,host_thread_time
mutating,shoc_scan,gunit,GUnit-Coll,1,False,0,False,complete,feedback,0,ns,0.0,host_thread_time
mutating,shoc_scan,gunit,GUnit-Coll,1,False,0,False,complete,gpu_overhead,0,ns,0.0,host_thread_time
mutating,shoc_scan,gunit,GUnit-Coll,1,False,0,False,complete,memcpy,5019798300,ns,0.16914182840914857,host_thread_time
mutating,shoc_scan,gunit,GUnit-Coll,1,False,0,False,complete,free,0,ns,0.0,host_thread_time
mutating,shoc_scan,gunit,GUnit-Coll,1,False,0,False,complete,launch,0,ns,0.0,host_thread_time
mutating,shoc_scan,gunit,GUnit-Coll,1,False,0,False,complete,idle,24658243774,ns,0.8308581715908514,host_thread_time
mutating,shoc_scan,gunit,GUnit-Coll,1,False,0,False,complete,allocation,0,ns,0.0,host_thread_time
mutating,shoc_scan,gunit,GUnit-Disp,1,False,0,False,complete,kernel_exec,0,ns,0.0,host_thread_time
mutating,shoc_scan,gunit,GUnit-Disp,1,False,0,False,complete,feedback,0,ns,0.0,host_thread_time
mutating,shoc_scan,gunit,GUnit-Disp,1,False,0,False,complete,gpu_overhead,0,ns,0.0,host_thread_time
mutating,shoc_scan,gunit,GUnit-Disp,1,False,0,False,complete,memcpy,7360638185,ns,0.2480162999515532,host_thread_time
mutating,shoc_scan,gunit,GUnit-Disp,1,False,0,False,complete,free,0,ns,0.0,host_thread_time
mutating,shoc_scan,gunit,GUnit-Disp,1,False,0,False,complete,launch,0,ns,0.0,host_thread_time
mutating,shoc_scan,gunit,GUnit-Disp,1,False,0,False,complete,idle,22317403889,ns,0.7519837000484468,host_thread_time
mutating,shoc_scan,gunit,GUnit-Disp,1,False,0,False,complete,allocation,0,ns,0.0,host_thread_time
mutating,cutlass_gemm,cufuzz,CuFuzz,1,False,0,False,complete,kernel_exec,255780056,ns,0.008528428103826754,serial_critical_path
mutating,cutlass_gemm,cufuzz,CuFuzz,1,False,0,False,complete,feedback,3875454924,ns,0.12921859196463456,serial_critical_path
mutating,cutlass_gemm,cufuzz,CuFuzz,1,False,0,False,complete,gpu_overhead,0,ns,0.0,serial_critical_path
mutating,cutlass_gemm,cufuzz,CuFuzz,1,False,0,False,complete,memcpy,2378747314,ns,0.07931414107056105,serial_critical_path
mutating,cutlass_gemm,cufuzz,CuFuzz,1,False,0,False,complete,free,8478528268,ns,0.2826980331879385,serial_critical_path
mutating,cutlass_gemm,cufuzz,CuFuzz,1,False,0,False,complete,launch,955655550,ns,0.03186425000312774,serial_critical_path
mutating,cutlass_gemm,cufuzz,CuFuzz,1,False,0,False,complete,idle,4330512723,ns,0.14439150177843624,serial_critical_path
mutating,cutlass_gemm,cufuzz,CuFuzz,1,False,0,False,complete,allocation,9716786519,ns,0.32398505389147514,serial_critical_path
mutating,cutlass_gemm,libafl,LibAFL,1,False,0,False,complete,kernel_exec,383999273,ns,0.012806970779996152,serial_critical_path
mutating,cutlass_gemm,libafl,LibAFL,1,False,0,False,complete,feedback,10120358353,ns,0.33752963305730266,serial_critical_path
mutating,cutlass_gemm,libafl,LibAFL,1,False,0,False,complete,gpu_overhead,771919422,ns,0.025744708850179304,serial_critical_path
mutating,cutlass_gemm,libafl,LibAFL,1,False,0,False,complete,memcpy,8020042296,ns,0.26748083801503775,serial_critical_path
mutating,cutlass_gemm,libafl,LibAFL,1,False,0,False,complete,free,467265,ns,1.5584011799717397e-05,serial_critical_path
mutating,cutlass_gemm,libafl,LibAFL,1,False,0,False,complete,launch,1563101430,ns,0.052131854791767275,serial_critical_path
mutating,cutlass_gemm,libafl,LibAFL,1,False,0,False,complete,idle,9123726322,ns,0.3042904104939172,serial_critical_path
mutating,cutlass_gemm,libafl,LibAFL,1,False,0,False,complete,allocation,0,ns,0.0,serial_critical_path
mutating,cutlass_gemm,libafl-plus,LibAFL+,1,False,0,False,complete,kernel_exec,1105556211,ns,0.036864394201193994,serial_critical_path
mutating,cutlass_gemm,libafl-plus,LibAFL+,1,False,0,False,complete,feedback,10921223118,ns,0.36416445421348637,serial_critical_path
mutating,cutlass_gemm,libafl-plus,LibAFL+,1,False,0,False,complete,gpu_overhead,182986871,ns,0.006101634705742731,serial_critical_path
mutating,cutlass_gemm,libafl-plus,LibAFL+,1,False,0,False,complete,memcpy,10608707161,ns,0.353743716381811,serial_critical_path
mutating,cutlass_gemm,libafl-plus,LibAFL+,1,False,0,False,complete,free,428467,ns,1.4287085751990756e-05,serial_critical_path
mutating,cutlass_gemm,libafl-plus,LibAFL+,1,False,0,False,complete,launch,870045957,ns,0.029011385231142335,serial_critical_path
mutating,cutlass_gemm,libafl-plus,LibAFL+,1,False,0,False,complete,idle,6300863114,ns,0.2101001281808716,serial_critical_path
mutating,cutlass_gemm,libafl-plus,LibAFL+,1,False,0,False,complete,allocation,0,ns,0.0,serial_critical_path
mutating,cutlass_gemm,gunit-sync,GUnit-s-GPU,1,False,0,False,complete,kernel_exec,2468053484,cycles,0.042147077868697674,persistent_device_cycles
mutating,cutlass_gemm,gunit-sync,GUnit-s-GPU,1,False,0,False,complete,feedback,10393329154,cycles,0.17748742318934435,persistent_device_cycles
mutating,cutlass_gemm,gunit-sync,GUnit-s-GPU,1,False,0,False,complete,gpu_overhead,1023130490,cycles,0.017472052656646888,persistent_device_cycles
mutating,cutlass_gemm,gunit-sync,GUnit-s-GPU,1,False,0,False,complete,memcpy,0,cycles,0.0,persistent_device_cycles
mutating,cutlass_gemm,gunit-sync,GUnit-s-GPU,1,False,0,False,complete,free,0,cycles,0.0,persistent_device_cycles
mutating,cutlass_gemm,gunit-sync,GUnit-s-GPU,1,False,0,False,complete,launch,0,cycles,0.0,persistent_device_cycles
mutating,cutlass_gemm,gunit-sync,GUnit-s-GPU,1,False,0,False,complete,idle,44673603088,cycles,0.7628934462853111,persistent_device_cycles
mutating,cutlass_gemm,gunit-sync,GUnit-s-GPU,1,False,0,False,complete,allocation,0,cycles,0.0,persistent_device_cycles
mutating,cutlass_gemm,gunit-sync,GUnit-s-CPU,1,False,0,False,complete,kernel_exec,0,ns,0.0,host_thread_time
mutating,cutlass_gemm,gunit-sync,GUnit-s-CPU,1,False,0,False,complete,feedback,0,ns,0.0,host_thread_time
mutating,cutlass_gemm,gunit-sync,GUnit-s-CPU,1,False,0,False,complete,gpu_overhead,0,ns,0.0,host_thread_time
mutating,cutlass_gemm,gunit-sync,GUnit-s-CPU,1,False,0,False,complete,memcpy,24478987601,ns,0.8163406556544273,host_thread_time
mutating,cutlass_gemm,gunit-sync,GUnit-s-CPU,1,False,0,False,complete,free,0,ns,0.0,host_thread_time
mutating,cutlass_gemm,gunit-sync,GUnit-s-CPU,1,False,0,False,complete,launch,0,ns,0.0,host_thread_time
mutating,cutlass_gemm,gunit-sync,GUnit-s-CPU,1,False,0,False,complete,idle,5507253353,ns,0.18365934434557268,host_thread_time
mutating,cutlass_gemm,gunit-sync,GUnit-s-CPU,1,False,0,False,complete,allocation,0,ns,0.0,host_thread_time
mutating,cutlass_gemm,gunit,GUnit-GPU,1,False,0,False,complete,kernel_exec,4614831817,cycles,0.07794025763541335,persistent_device_cycles
mutating,cutlass_gemm,gunit,GUnit-GPU,1,False,0,False,complete,feedback,18729369728,cycles,0.31632179889454715,persistent_device_cycles
mutating,cutlass_gemm,gunit,GUnit-GPU,1,False,0,False,complete,gpu_overhead,1621216183,cycles,0.0273808476660508,persistent_device_cycles
mutating,cutlass_gemm,gunit,GUnit-GPU,1,False,0,False,complete,memcpy,0,cycles,0.0,persistent_device_cycles
mutating,cutlass_gemm,gunit,GUnit-GPU,1,False,0,False,complete,free,0,cycles,0.0,persistent_device_cycles
mutating,cutlass_gemm,gunit,GUnit-GPU,1,False,0,False,complete,launch,0,cycles,0.0,persistent_device_cycles
mutating,cutlass_gemm,gunit,GUnit-GPU,1,False,0,False,complete,idle,34244443222,cycles,0.5783570958039888,persistent_device_cycles
mutating,cutlass_gemm,gunit,GUnit-GPU,1,False,0,False,complete,allocation,0,cycles,0.0,persistent_device_cycles
mutating,cutlass_gemm,gunit,GUnit-Coll,1,False,0,False,complete,kernel_exec,0,ns,0.0,host_thread_time
mutating,cutlass_gemm,gunit,GUnit-Coll,1,False,0,False,complete,feedback,0,ns,0.0,host_thread_time
mutating,cutlass_gemm,gunit,GUnit-Coll,1,False,0,False,complete,gpu_overhead,0,ns,0.0,host_thread_time
mutating,cutlass_gemm,gunit,GUnit-Coll,1,False,0,False,complete,memcpy,4054953712,ns,0.13632170802195498,host_thread_time
mutating,cutlass_gemm,gunit,GUnit-Coll,1,False,0,False,complete,free,0,ns,0.0,host_thread_time
mutating,cutlass_gemm,gunit,GUnit-Coll,1,False,0,False,complete,launch,0,ns,0.0,host_thread_time
mutating,cutlass_gemm,gunit,GUnit-Coll,1,False,0,False,complete,idle,25690519484,ns,0.863678291978045,host_thread_time
mutating,cutlass_gemm,gunit,GUnit-Coll,1,False,0,False,complete,allocation,0,ns,0.0,host_thread_time
mutating,cutlass_gemm,gunit,GUnit-Disp,1,False,0,False,complete,kernel_exec,0,ns,0.0,host_thread_time
mutating,cutlass_gemm,gunit,GUnit-Disp,1,False,0,False,complete,feedback,0,ns,0.0,host_thread_time
mutating,cutlass_gemm,gunit,GUnit-Disp,1,False,0,False,complete,gpu_overhead,0,ns,0.0,host_thread_time
mutating,cutlass_gemm,gunit,GUnit-Disp,1,False,0,False,complete,memcpy,6961131398,ns,0.23402321933597925,host_thread_time
mutating,cutlass_gemm,gunit,GUnit-Disp,1,False,0,False,complete,free,0,ns,0.0,host_thread_time
mutating,cutlass_gemm,gunit,GUnit-Disp,1,False,0,False,complete,launch,0,ns,0.0,host_thread_time
mutating,cutlass_gemm,gunit,GUnit-Disp,1,False,0,False,complete,idle,22784341798,ns,0.7659767806640208,host_thread_time
mutating,cutlass_gemm,gunit,GUnit-Disp,1,False,0,False,complete,allocation,0,ns,0.0,host_thread_time
mutating,flashattention_device1xn,cufuzz,CuFuzz,1,False,0,False,complete,kernel_exec,181435501,ns,0.006049539311328609,serial_critical_path
mutating,flashattention_device1xn,cufuzz,CuFuzz,1,False,0,False,complete,feedback,4031729427,ns,0.1344285188226579,serial_critical_path
mutating,flashattention_device1xn,cufuzz,CuFuzz,1,False,0,False,complete,gpu_overhead,0,ns,0.0,serial_critical_path
mutating,flashattention_device1xn,cufuzz,CuFuzz,1,False,0,False,complete,memcpy,2489977724,ns,0.08302244071666293,serial_critical_path
mutating,flashattention_device1xn,cufuzz,CuFuzz,1,False,0,False,complete,free,8713828633,ns,0.29054208562807304,serial_critical_path
mutating,flashattention_device1xn,cufuzz,CuFuzz,1,False,0,False,complete,launch,979305302,ns,0.032652628011546295,serial_critical_path
mutating,flashattention_device1xn,cufuzz,CuFuzz,1,False,0,False,complete,idle,3731714541,ns,0.12442522929642141,serial_critical_path
mutating,flashattention_device1xn,cufuzz,CuFuzz,1,False,0,False,complete,allocation,9863631649,ns,0.32887955821330983,serial_critical_path
mutating,flashattention_device1xn,libafl,LibAFL,1,False,0,False,complete,kernel_exec,336044980,ns,0.011208430879552558,serial_critical_path
mutating,flashattention_device1xn,libafl,LibAFL,1,False,0,False,complete,feedback,11240032949,ns,0.37489961133405353,serial_critical_path
mutating,flashattention_device1xn,libafl,LibAFL,1,False,0,False,complete,gpu_overhead,638678967,ns,0.021302472829213305,serial_critical_path
mutating,flashattention_device1xn,libafl,LibAFL,1,False,0,False,complete,memcpy,8230977917,ns,0.27453570963571006,serial_critical_path
mutating,flashattention_device1xn,libafl,LibAFL,1,False,0,False,complete,free,426655,ns,1.4230633877987098e-05,serial_critical_path
mutating,flashattention_device1xn,libafl,LibAFL,1,False,0,False,complete,launch,1490473572,ns,0.0497131961607098,serial_critical_path
mutating,flashattention_device1xn,libafl,LibAFL,1,False,0,False,complete,idle,8044812284,ns,0.26832634852688275,serial_critical_path
mutating,flashattention_device1xn,libafl,LibAFL,1,False,0,False,complete,allocation,0,ns,0.0,serial_critical_path
mutating,flashattention_device1xn,libafl-plus,LibAFL+,1,False,0,False,complete,kernel_exec,779789418,ns,0.02600342983904927,serial_critical_path
mutating,flashattention_device1xn,libafl-plus,LibAFL+,1,False,0,False,complete,feedback,9455683137,ns,0.3153161447918761,serial_critical_path
mutating,flashattention_device1xn,libafl-plus,LibAFL+,1,False,0,False,complete,gpu_overhead,66008693,ns,0.002201174288303618,serial_critical_path
mutating,flashattention_device1xn,libafl-plus,LibAFL+,1,False,0,False,complete,memcpy,12542224306,ns,0.4182422103177212,serial_critical_path
mutating,flashattention_device1xn,libafl-plus,LibAFL+,1,False,0,False,complete,free,3961912,ns,0.0001321168232632869,serial_critical_path
mutating,flashattention_device1xn,libafl-plus,LibAFL+,1,False,0,False,complete,launch,1021144420,ns,0.034051830748242674,serial_critical_path
mutating,flashattention_device1xn,libafl-plus,LibAFL+,1,False,0,False,complete,idle,6119132890,ns,0.2040530931915439,serial_critical_path
mutating,flashattention_device1xn,libafl-plus,LibAFL+,1,False,0,False,complete,allocation,0,ns,0.0,serial_critical_path
mutating,flashattention_device1xn,gunit-sync,GUnit-s-GPU,1,False,0,False,complete,kernel_exec,1660093906,cycles,0.02848348029128982,persistent_device_cycles
mutating,flashattention_device1xn,gunit-sync,GUnit-s-GPU,1,False,0,False,complete,feedback,2315414887,cycles,0.039727315461890234,persistent_device_cycles
mutating,flashattention_device1xn,gunit-sync,GUnit-s-GPU,1,False,0,False,complete,gpu_overhead,1161989990,cycles,0.01993713660366937,persistent_device_cycles
mutating,flashattention_device1xn,gunit-sync,GUnit-s-GPU,1,False,0,False,complete,memcpy,0,cycles,0.0,persistent_device_cycles
mutating,flashattention_device1xn,gunit-sync,GUnit-s-GPU,1,False,0,False,complete,free,0,cycles,0.0,persistent_device_cycles
mutating,flashattention_device1xn,gunit-sync,GUnit-s-GPU,1,False,0,False,complete,launch,0,cycles,0.0,persistent_device_cycles
mutating,flashattention_device1xn,gunit-sync,GUnit-s-GPU,1,False,0,False,complete,idle,53145193115,cycles,0.9118520676431505,persistent_device_cycles
mutating,flashattention_device1xn,gunit-sync,GUnit-s-GPU,1,False,0,False,complete,allocation,0,cycles,0.0,persistent_device_cycles
mutating,flashattention_device1xn,gunit-sync,GUnit-s-CPU,1,False,0,False,complete,kernel_exec,0,ns,0.0,host_thread_time
mutating,flashattention_device1xn,gunit-sync,GUnit-s-CPU,1,False,0,False,complete,feedback,0,ns,0.0,host_thread_time
mutating,flashattention_device1xn,gunit-sync,GUnit-s-CPU,1,False,0,False,complete,gpu_overhead,0,ns,0.0,host_thread_time
mutating,flashattention_device1xn,gunit-sync,GUnit-s-CPU,1,False,0,False,complete,memcpy,24100920308,ns,0.8038314064245733,host_thread_time
mutating,flashattention_device1xn,gunit-sync,GUnit-s-CPU,1,False,0,False,complete,free,0,ns,0.0,host_thread_time
mutating,flashattention_device1xn,gunit-sync,GUnit-s-CPU,1,False,0,False,complete,launch,0,ns,0.0,host_thread_time
mutating,flashattention_device1xn,gunit-sync,GUnit-s-CPU,1,False,0,False,complete,idle,5881635879,ns,0.19616859357542676,host_thread_time
mutating,flashattention_device1xn,gunit-sync,GUnit-s-CPU,1,False,0,False,complete,allocation,0,ns,0.0,host_thread_time
mutating,flashattention_device1xn,gunit,GUnit-GPU,1,False,0,False,complete,kernel_exec,2874845880,cycles,0.04831674812491711,persistent_device_cycles
mutating,flashattention_device1xn,gunit,GUnit-GPU,1,False,0,False,complete,feedback,3891405978,cycles,0.06540179555323596,persistent_device_cycles
mutating,flashattention_device1xn,gunit,GUnit-GPU,1,False,0,False,complete,gpu_overhead,1923257694,cycles,0.03232366584476066,persistent_device_cycles
mutating,flashattention_device1xn,gunit,GUnit-GPU,1,False,0,False,complete,memcpy,0,cycles,0.0,persistent_device_cycles
mutating,flashattention_device1xn,gunit,GUnit-GPU,1,False,0,False,complete,free,0,cycles,0.0,persistent_device_cycles
mutating,flashattention_device1xn,gunit,GUnit-GPU,1,False,0,False,complete,launch,0,cycles,0.0,persistent_device_cycles
mutating,flashattention_device1xn,gunit,GUnit-GPU,1,False,0,False,complete,idle,50810477338,cycles,0.8539577904770863,persistent_device_cycles
mutating,flashattention_device1xn,gunit,GUnit-GPU,1,False,0,False,complete,allocation,0,cycles,0.0,persistent_device_cycles
mutating,flashattention_device1xn,gunit,GUnit-Coll,1,False,0,False,complete,kernel_exec,0,ns,0.0,host_thread_time
mutating,flashattention_device1xn,gunit,GUnit-Coll,1,False,0,False,complete,feedback,0,ns,0.0,host_thread_time
mutating,flashattention_device1xn,gunit,GUnit-Coll,1,False,0,False,complete,gpu_overhead,0,ns,0.0,host_thread_time
mutating,flashattention_device1xn,gunit,GUnit-Coll,1,False,0,False,complete,memcpy,4548820932,ns,0.1532436513081736,host_thread_time
mutating,flashattention_device1xn,gunit,GUnit-Coll,1,False,0,False,complete,free,0,ns,0.0,host_thread_time
mutating,flashattention_device1xn,gunit,GUnit-Coll,1,False,0,False,complete,launch,0,ns,0.0,host_thread_time
mutating,flashattention_device1xn,gunit,GUnit-Coll,1,False,0,False,complete,idle,25134763955,ns,0.8467563486918264,host_thread_time
mutating,flashattention_device1xn,gunit,GUnit-Coll,1,False,0,False,complete,allocation,0,ns,0.0,host_thread_time
mutating,flashattention_device1xn,gunit,GUnit-Disp,1,False,0,False,complete,kernel_exec,0,ns,0.0,host_thread_time
mutating,flashattention_device1xn,gunit,GUnit-Disp,1,False,0,False,complete,feedback,0,ns,0.0,host_thread_time
mutating,flashattention_device1xn,gunit,GUnit-Disp,1,False,0,False,complete,gpu_overhead,0,ns,0.0,host_thread_time
mutating,flashattention_device1xn,gunit,GUnit-Disp,1,False,0,False,complete,memcpy,7145408509,ns,0.24071918995637717,host_thread_time
mutating,flashattention_device1xn,gunit,GUnit-Disp,1,False,0,False,complete,free,0,ns,0.0,host_thread_time
mutating,flashattention_device1xn,gunit,GUnit-Disp,1,False,0,False,complete,launch,0,ns,0.0,host_thread_time
mutating,flashattention_device1xn,gunit,GUnit-Disp,1,False,0,False,complete,idle,22538176378,ns,0.7592808100436228,host_thread_time
mutating,flashattention_device1xn,gunit,GUnit-Disp,1,False,0,False,complete,allocation,0,ns,0.0,host_thread_time
mutating,pytorch_batchnorm,cufuzz,CuFuzz,1,False,0,False,complete,kernel_exec,558938215,ns,0.018636517080124818,serial_critical_path
mutating,pytorch_batchnorm,cufuzz,CuFuzz,1,False,0,False,complete,feedback,3651199212,ns,0.12174089130294352,serial_critical_path
mutating,pytorch_batchnorm,cufuzz,CuFuzz,1,False,0,False,complete,gpu_overhead,0,ns,0.0,serial_critical_path
mutating,pytorch_batchnorm,cufuzz,CuFuzz,1,False,0,False,complete,memcpy,2517141711,ns,0.08392833631915131,serial_critical_path
mutating,pytorch_batchnorm,cufuzz,CuFuzz,1,False,0,False,complete,free,8043945579,ns,0.26820697735728805,serial_critical_path
mutating,pytorch_batchnorm,cufuzz,CuFuzz,1,False,0,False,complete,launch,1008277599,ns,0.03361871167687244,serial_critical_path
mutating,pytorch_batchnorm,cufuzz,CuFuzz,1,False,0,False,complete,idle,4709322150,ns,0.15702158186533216,serial_critical_path
mutating,pytorch_batchnorm,cufuzz,CuFuzz,1,False,0,False,complete,allocation,9502735255,ns,0.3168469843982877,serial_critical_path
mutating,pytorch_batchnorm,libafl,LibAFL,1,False,0,False,complete,kernel_exec,1365771774,ns,0.04554839225292287,serial_critical_path
mutating,pytorch_batchnorm,libafl,LibAFL,1,False,0,False,complete,feedback,9475249616,ns,0.3159989058347056,serial_critical_path
mutating,pytorch_batchnorm,libafl,LibAFL,1,False,0,False,complete,gpu_overhead,642320790,ns,0.021421353005006014,serial_critical_path
mutating,pytorch_batchnorm,libafl,LibAFL,1,False,0,False,complete,memcpy,7435569303,ns,0.24797571137740929,serial_critical_path
mutating,pytorch_batchnorm,libafl,LibAFL,1,False,0,False,complete,free,432292,ns,1.4416907684461e-05,serial_critical_path
mutating,pytorch_batchnorm,libafl,LibAFL,1,False,0,False,complete,launch,1320229870,ns,0.04402957296933079,serial_critical_path
mutating,pytorch_batchnorm,libafl,LibAFL,1,False,0,False,complete,idle,9745497319,ns,0.325011647652941,serial_critical_path
mutating,pytorch_batchnorm,libafl,LibAFL,1,False,0,False,complete,allocation,0,ns,0.0,serial_critical_path
mutating,pytorch_batchnorm,libafl-plus,LibAFL+,1,False,0,False,complete,kernel_exec,7536032352,ns,0.25129789879788933,serial_critical_path
mutating,pytorch_batchnorm,libafl-plus,LibAFL+,1,False,0,False,complete,feedback,6398161643,ns,0.21335425618607418,serial_critical_path
mutating,pytorch_batchnorm,libafl-plus,LibAFL+,1,False,0,False,complete,gpu_overhead,184548625,ns,0.006153991851724421,serial_critical_path
mutating,pytorch_batchnorm,libafl-plus,LibAFL+,1,False,0,False,complete,memcpy,9204034754,ns,0.3069194087959441,serial_critical_path
mutating,pytorch_batchnorm,libafl-plus,LibAFL+,1,False,0,False,complete,free,382995,ns,1.2771420590379336e-05,serial_critical_path
mutating,pytorch_batchnorm,libafl-plus,LibAFL+,1,False,0,False,complete,launch,882738727,ns,0.029435965362297273,serial_critical_path
mutating,pytorch_batchnorm,libafl-plus,LibAFL+,1,False,0,False,complete,idle,5782542463,ns,0.19282570758548034,serial_critical_path
mutating,pytorch_batchnorm,libafl-plus,LibAFL+,1,False,0,False,complete,allocation,0,ns,0.0,serial_critical_path
mutating,pytorch_batchnorm,gunit-sync,GUnit-s-GPU,1,False,0,False,complete,kernel_exec,21489377367,cycles,0.3651938261160624,persistent_device_cycles
mutating,pytorch_batchnorm,gunit-sync,GUnit-s-GPU,1,False,0,False,complete,feedback,4330598362,cycles,0.07359486308893078,persistent_device_cycles
mutating,pytorch_batchnorm,gunit-sync,GUnit-s-GPU,1,False,0,False,complete,gpu_overhead,1033149841,cycles,0.01755750931925042,persistent_device_cycles
mutating,pytorch_batchnorm,gunit-sync,GUnit-s-GPU,1,False,0,False,complete,memcpy,0,cycles,0.0,persistent_device_cycles
mutating,pytorch_batchnorm,gunit-sync,GUnit-s-GPU,1,False,0,False,complete,free,0,cycles,0.0,persistent_device_cycles
mutating,pytorch_batchnorm,gunit-sync,GUnit-s-GPU,1,False,0,False,complete,launch,0,cycles,0.0,persistent_device_cycles
mutating,pytorch_batchnorm,gunit-sync,GUnit-s-GPU,1,False,0,False,complete,idle,31990633087,cycles,0.5436538014757564,persistent_device_cycles
mutating,pytorch_batchnorm,gunit-sync,GUnit-s-GPU,1,False,0,False,complete,allocation,0,cycles,0.0,persistent_device_cycles
mutating,pytorch_batchnorm,gunit-sync,GUnit-s-CPU,1,False,0,False,complete,kernel_exec,0,ns,0.0,host_thread_time
mutating,pytorch_batchnorm,gunit-sync,GUnit-s-CPU,1,False,0,False,complete,feedback,0,ns,0.0,host_thread_time
mutating,pytorch_batchnorm,gunit-sync,GUnit-s-CPU,1,False,0,False,complete,gpu_overhead,0,ns,0.0,host_thread_time
mutating,pytorch_batchnorm,gunit-sync,GUnit-s-CPU,1,False,0,False,complete,memcpy,24343701045,ns,0.8117428278318674,host_thread_time
mutating,pytorch_batchnorm,gunit-sync,GUnit-s-CPU,1,False,0,False,complete,free,0,ns,0.0,host_thread_time
mutating,pytorch_batchnorm,gunit-sync,GUnit-s-CPU,1,False,0,False,complete,launch,0,ns,0.0,host_thread_time
mutating,pytorch_batchnorm,gunit-sync,GUnit-s-CPU,1,False,0,False,complete,idle,5645724436,ns,0.18825717216813262,host_thread_time
mutating,pytorch_batchnorm,gunit-sync,GUnit-s-CPU,1,False,0,False,complete,allocation,0,ns,0.0,host_thread_time
mutating,pytorch_batchnorm,gunit,GUnit-GPU,1,False,0,False,complete,kernel_exec,38337791034,cycles,0.6450224953893976,persistent_device_cycles
mutating,pytorch_batchnorm,gunit,GUnit-GPU,1,False,0,False,complete,feedback,7687243629,cycles,0.12933570074098466,persistent_device_cycles
mutating,pytorch_batchnorm,gunit,GUnit-GPU,1,False,0,False,complete,gpu_overhead,1733918070,cycles,0.02917268131907488,persistent_device_cycles
mutating,pytorch_batchnorm,gunit,GUnit-GPU,1,False,0,False,complete,memcpy,0,cycles,0.0,persistent_device_cycles
mutating,pytorch_batchnorm,gunit,GUnit-GPU,1,False,0,False,complete,free,0,cycles,0.0,persistent_device_cycles
mutating,pytorch_batchnorm,gunit,GUnit-GPU,1,False,0,False,complete,launch,0,cycles,0.0,persistent_device_cycles
mutating,pytorch_batchnorm,gunit,GUnit-GPU,1,False,0,False,complete,idle,11677410042,cycles,0.19646912255054289,persistent_device_cycles
mutating,pytorch_batchnorm,gunit,GUnit-GPU,1,False,0,False,complete,allocation,0,cycles,0.0,persistent_device_cycles
mutating,pytorch_batchnorm,gunit,GUnit-Coll,1,False,0,False,complete,kernel_exec,0,ns,0.0,host_thread_time
mutating,pytorch_batchnorm,gunit,GUnit-Coll,1,False,0,False,complete,feedback,0,ns,0.0,host_thread_time
mutating,pytorch_batchnorm,gunit,GUnit-Coll,1,False,0,False,complete,gpu_overhead,0,ns,0.0,host_thread_time
mutating,pytorch_batchnorm,gunit,GUnit-Coll,1,False,0,False,complete,memcpy,3050686053,ns,0.10239823627303435,host_thread_time
mutating,pytorch_batchnorm,gunit,GUnit-Coll,1,False,0,False,complete,free,0,ns,0.0,host_thread_time
mutating,pytorch_batchnorm,gunit,GUnit-Coll,1,False,0,False,complete,launch,0,ns,0.0,host_thread_time
mutating,pytorch_batchnorm,gunit,GUnit-Coll,1,False,0,False,complete,idle,26741683074,ns,0.8976017637269657,host_thread_time
mutating,pytorch_batchnorm,gunit,GUnit-Coll,1,False,0,False,complete,allocation,0,ns,0.0,host_thread_time
mutating,pytorch_batchnorm,gunit,GUnit-Disp,1,False,0,False,complete,kernel_exec,0,ns,0.0,host_thread_time
mutating,pytorch_batchnorm,gunit,GUnit-Disp,1,False,0,False,complete,feedback,0,ns,0.0,host_thread_time
mutating,pytorch_batchnorm,gunit,GUnit-Disp,1,False,0,False,complete,gpu_overhead,0,ns,0.0,host_thread_time
mutating,pytorch_batchnorm,gunit,GUnit-Disp,1,False,0,False,complete,memcpy,5376998243,ns,0.1804823987001079,host_thread_time
mutating,pytorch_batchnorm,gunit,GUnit-Disp,1,False,0,False,complete,free,0,ns,0.0,host_thread_time
mutating,pytorch_batchnorm,gunit,GUnit-Disp,1,False,0,False,complete,launch,0,ns,0.0,host_thread_time
mutating,pytorch_batchnorm,gunit,GUnit-Disp,1,False,0,False,complete,idle,24415370884,ns,0.819517601299892,host_thread_time
mutating,pytorch_batchnorm,gunit,GUnit-Disp,1,False,0,False,complete,allocation,0,ns,0.0,host_thread_time
mutating,llama_upscale_f32_bilinear,cufuzz,CuFuzz,1,False,0,False,complete,kernel_exec,844375120,ns,0.028153554867438906,serial_critical_path
mutating,llama_upscale_f32_bilinear,cufuzz,CuFuzz,1,False,0,False,complete,feedback,3709674500,ns,0.12368972285219511,serial_critical_path
mutating,llama_upscale_f32_bilinear,cufuzz,CuFuzz,1,False,0,False,complete,gpu_overhead,0,ns,0.0,serial_critical_path
mutating,llama_upscale_f32_bilinear,cufuzz,CuFuzz,1,False,0,False,complete,memcpy,2454952645,ns,0.08185419294207978,serial_critical_path
mutating,llama_upscale_f32_bilinear,cufuzz,CuFuzz,1,False,0,False,complete,free,7883948358,ns,0.26287033737920634,serial_critical_path
mutating,llama_upscale_f32_bilinear,cufuzz,CuFuzz,1,False,0,False,complete,launch,988080864,ns,0.03294505979533177,serial_critical_path
mutating,llama_upscale_f32_bilinear,cufuzz,CuFuzz,1,False,0,False,complete,idle,4580665957,ns,0.15273073222456984,serial_critical_path
mutating,llama_upscale_f32_bilinear,cufuzz,CuFuzz,1,False,0,False,complete,allocation,9530078869,ns,0.3177563999391782,serial_critical_path
mutating,llama_upscale_f32_bilinear,libafl,LibAFL,1,False,0,False,complete,kernel_exec,2602732880,ns,0.08680133761519992,serial_critical_path
mutating,llama_upscale_f32_bilinear,libafl,LibAFL,1,False,0,False,complete,feedback,9281736617,ns,0.3095466153820521,serial_critical_path
mutating,llama_upscale_f32_bilinear,libafl,LibAFL,1,False,0,False,complete,gpu_overhead,387393720,ns,0.012919609744864878,serial_critical_path
mutating,llama_upscale_f32_bilinear,libafl,LibAFL,1,False,0,False,complete,memcpy,6940428166,ns,0.23146380216743903,serial_critical_path
mutating,llama_upscale_f32_bilinear,libafl,LibAFL,1,False,0,False,complete,free,411517,ns,1.3724122950102444e-05,serial_critical_path
mutating,llama_upscale_f32_bilinear,libafl,LibAFL,1,False,0,False,complete,launch,1305917174,ns,0.04355243612931258,serial_critical_path
mutating,llama_upscale_f32_bilinear,libafl,LibAFL,1,False,0,False,complete,idle,9466319692,ns,0.3157024748381814,serial_critical_path
mutating,llama_upscale_f32_bilinear,libafl,LibAFL,1,False,0,False,complete,allocation,0,ns,0.0,serial_critical_path
mutating,llama_upscale_f32_bilinear,libafl-plus,LibAFL+,1,False,0,False,complete,kernel_exec,7492446246,ns,0.24982090796620235,serial_critical_path
mutating,llama_upscale_f32_bilinear,libafl-plus,LibAFL+,1,False,0,False,complete,feedback,6159369520,ns,0.2053720821563772,serial_critical_path
mutating,llama_upscale_f32_bilinear,libafl-plus,LibAFL+,1,False,0,False,complete,gpu_overhead,194483172,ns,0.006484659484761167,serial_critical_path
mutating,llama_upscale_f32_bilinear,libafl-plus,LibAFL+,1,False,0,False,complete,memcpy,9043303485,ns,0.30153119734996386,serial_critical_path
mutating,llama_upscale_f32_bilinear,libafl-plus,LibAFL+,1,False,0,False,complete,free,422902,ns,1.4100836783063509e-05,serial_critical_path
mutating,llama_upscale_f32_bilinear,libafl-plus,LibAFL+,1,False,0,False,complete,launch,783444880,ns,0.026122431157589172,serial_critical_path
mutating,llama_upscale_f32_bilinear,libafl-plus,LibAFL+,1,False,0,False,complete,idle,6317799569,ns,0.21065462104832322,serial_critical_path
mutating,llama_upscale_f32_bilinear,libafl-plus,LibAFL+,1,False,0,False,complete,allocation,0,ns,0.0,serial_critical_path
mutating,llama_upscale_f32_bilinear,gunit-sync,GUnit-s-GPU,1,False,0,False,complete,kernel_exec,17915434584,cycles,0.3052996997103996,persistent_device_cycles
mutating,llama_upscale_f32_bilinear,gunit-sync,GUnit-s-GPU,1,False,0,False,complete,feedback,1722355822,cycles,0.029350932727061695,persistent_device_cycles
mutating,llama_upscale_f32_bilinear,gunit-sync,GUnit-s-GPU,1,False,0,False,complete,gpu_overhead,1029259358,cycles,0.017539768373922394,persistent_device_cycles
mutating,llama_upscale_f32_bilinear,gunit-sync,GUnit-s-GPU,1,False,0,False,complete,memcpy,0,cycles,0.0,persistent_device_cycles
mutating,llama_upscale_f32_bilinear,gunit-sync,GUnit-s-GPU,1,False,0,False,complete,free,0,cycles,0.0,persistent_device_cycles
mutating,llama_upscale_f32_bilinear,gunit-sync,GUnit-s-GPU,1,False,0,False,complete,launch,0,cycles,0.0,persistent_device_cycles
mutating,llama_upscale_f32_bilinear,gunit-sync,GUnit-s-GPU,1,False,0,False,complete,idle,38014418318,cycles,0.6478095991886162,persistent_device_cycles
mutating,llama_upscale_f32_bilinear,gunit-sync,GUnit-s-GPU,1,False,0,False,complete,allocation,0,cycles,0.0,persistent_device_cycles
mutating,llama_upscale_f32_bilinear,gunit-sync,GUnit-s-CPU,1,False,0,False,complete,kernel_exec,0,ns,0.0,host_thread_time
mutating,llama_upscale_f32_bilinear,gunit-sync,GUnit-s-CPU,1,False,0,False,complete,feedback,0,ns,0.0,host_thread_time
mutating,llama_upscale_f32_bilinear,gunit-sync,GUnit-s-CPU,1,False,0,False,complete,gpu_overhead,0,ns,0.0,host_thread_time
mutating,llama_upscale_f32_bilinear,gunit-sync,GUnit-s-CPU,1,False,0,False,complete,memcpy,24360124169,ns,0.8123345080188339,host_thread_time
mutating,llama_upscale_f32_bilinear,gunit-sync,GUnit-s-CPU,1,False,0,False,complete,free,0,ns,0.0,host_thread_time
mutating,llama_upscale_f32_bilinear,gunit-sync,GUnit-s-CPU,1,False,0,False,complete,launch,0,ns,0.0,host_thread_time
mutating,llama_upscale_f32_bilinear,gunit-sync,GUnit-s-CPU,1,False,0,False,complete,idle,5627675104,ns,0.1876654919811661,host_thread_time
mutating,llama_upscale_f32_bilinear,gunit-sync,GUnit-s-CPU,1,False,0,False,complete,allocation,0,ns,0.0,host_thread_time
mutating,llama_upscale_f32_bilinear,gunit,GUnit-GPU,1,False,0,False,complete,kernel_exec,30891553181,cycles,0.5203687039764879,persistent_device_cycles
mutating,llama_upscale_f32_bilinear,gunit,GUnit-GPU,1,False,0,False,complete,feedback,3218081698,cycles,0.05420863731476861,persistent_device_cycles
mutating,llama_upscale_f32_bilinear,gunit,GUnit-GPU,1,False,0,False,complete,gpu_overhead,1900052549,cycles,0.03200641536594781,persistent_device_cycles
mutating,llama_upscale_f32_bilinear,gunit,GUnit-GPU,1,False,0,False,complete,memcpy,0,cycles,0.0,persistent_device_cycles
mutating,llama_upscale_f32_bilinear,gunit,GUnit-GPU,1,False,0,False,complete,free,0,cycles,0.0,persistent_device_cycles
mutating,llama_upscale_f32_bilinear,gunit,GUnit-GPU,1,False,0,False,complete,launch,0,cycles,0.0,persistent_device_cycles
mutating,llama_upscale_f32_bilinear,gunit,GUnit-GPU,1,False,0,False,complete,idle,23355053274,cycles,0.3934162433427957,persistent_device_cycles
mutating,llama_upscale_f32_bilinear,gunit,GUnit-GPU,1,False,0,False,complete,allocation,0,cycles,0.0,persistent_device_cycles
mutating,llama_upscale_f32_bilinear,gunit,GUnit-Coll,1,False,0,False,complete,kernel_exec,0,ns,0.0,host_thread_time
mutating,llama_upscale_f32_bilinear,gunit,GUnit-Coll,1,False,0,False,complete,feedback,0,ns,0.0,host_thread_time
mutating,llama_upscale_f32_bilinear,gunit,GUnit-Coll,1,False,0,False,complete,gpu_overhead,0,ns,0.0,host_thread_time
mutating,llama_upscale_f32_bilinear,gunit,GUnit-Coll,1,False,0,False,complete,memcpy,3213894649,ns,0.10800470814461348,host_thread_time
mutating,llama_upscale_f32_bilinear,gunit,GUnit-Coll,1,False,0,False,complete,free,0,ns,0.0,host_thread_time
mutating,llama_upscale_f32_bilinear,gunit,GUnit-Coll,1,False,0,False,complete,launch,0,ns,0.0,host_thread_time
mutating,llama_upscale_f32_bilinear,gunit,GUnit-Coll,1,False,0,False,complete,idle,26543091914,ns,0.8919952918553865,host_thread_time
mutating,llama_upscale_f32_bilinear,gunit,GUnit-Coll,1,False,0,False,complete,allocation,0,ns,0.0,host_thread_time
mutating,llama_upscale_f32_bilinear,gunit,GUnit-Disp,1,False,0,False,complete,kernel_exec,0,ns,0.0,host_thread_time
mutating,llama_upscale_f32_bilinear,gunit,GUnit-Disp,1,False,0,False,complete,feedback,0,ns,0.0,host_thread_time
mutating,llama_upscale_f32_bilinear,gunit,GUnit-Disp,1,False,0,False,complete,gpu_overhead,0,ns,0.0,host_thread_time
mutating,llama_upscale_f32_bilinear,gunit,GUnit-Disp,1,False,0,False,complete,memcpy,5717215362,ns,0.1921301859613976,host_thread_time
mutating,llama_upscale_f32_bilinear,gunit,GUnit-Disp,1,False,0,False,complete,free,0,ns,0.0,host_thread_time
mutating,llama_upscale_f32_bilinear,gunit,GUnit-Disp,1,False,0,False,complete,launch,0,ns,0.0,host_thread_time
mutating,llama_upscale_f32_bilinear,gunit,GUnit-Disp,1,False,0,False,complete,idle,24039771201,ns,0.8078698140386024,host_thread_time
mutating,llama_upscale_f32_bilinear,gunit,GUnit-Disp,1,False,0,False,complete,allocation,0,ns,0.0,host_thread_time
mutating,gpurir_generate_rir,cufuzz,CuFuzz,1,False,0,False,complete,kernel_exec,340555022,ns,0.011354989466082432,serial_critical_path
mutating,gpurir_generate_rir,cufuzz,CuFuzz,1,False,0,False,complete,feedback,3825010629,ns,0.12753579478839205,serial_critical_path
mutating,gpurir_generate_rir,cufuzz,CuFuzz,1,False,0,False,complete,gpu_overhead,0,ns,0.0,serial_critical_path
mutating,gpurir_generate_rir,cufuzz,CuFuzz,1,False,0,False,complete,memcpy,2366952483,ns,0.07892034700690057,serial_critical_path
mutating,gpurir_generate_rir,cufuzz,CuFuzz,1,False,0,False,complete,free,8391452377,ns,0.2797928299115418,serial_critical_path
mutating,gpurir_generate_rir,cufuzz,CuFuzz,1,False,0,False,complete,launch,1011950362,ns,0.03374105492036557,serial_critical_path
mutating,gpurir_generate_rir,cufuzz,CuFuzz,1,False,0,False,complete,idle,4435946794,ns,0.14790599422718875,serial_critical_path
mutating,gpurir_generate_rir,cufuzz,CuFuzz,1,False,0,False,complete,allocation,9619795735,ns,0.3207489896795288,serial_critical_path
mutating,gpurir_generate_rir,libafl,LibAFL,1,False,0,False,complete,kernel_exec,889291104,ns,0.029660017737536418,serial_critical_path
mutating,gpurir_generate_rir,libafl,LibAFL,1,False,0,False,complete,feedback,10037643036,ns,0.3347797691348759,serial_critical_path
mutating,gpurir_generate_rir,libafl,LibAFL,1,False,0,False,complete,gpu_overhead,554100878,ns,0.018480609775519023,serial_critical_path
mutating,gpurir_generate_rir,libafl,LibAFL,1,False,0,False,complete,memcpy,7876671549,ns,0.26270612266924065,serial_critical_path
mutating,gpurir_generate_rir,libafl,LibAFL,1,False,0,False,complete,free,373445,ns,1.2455297566986893e-05,serial_critical_path
mutating,gpurir_generate_rir,libafl,LibAFL,1,False,0,False,complete,launch,1485579553,ns,0.049547685447780467,serial_critical_path
mutating,gpurir_generate_rir,libafl,LibAFL,1,False,0,False,complete,idle,9139164851,ns,0.30481333993748055,serial_critical_path
mutating,gpurir_generate_rir,libafl,LibAFL,1,False,0,False,complete,allocation,0,ns,0.0,serial_critical_path
mutating,gpurir_generate_rir,libafl-plus,LibAFL+,1,False,0,False,complete,kernel_exec,5892102350,ns,0.19646332269195838,serial_critical_path
mutating,gpurir_generate_rir,libafl-plus,LibAFL+,1,False,0,False,complete,feedback,6485334993,ns,0.21624377612775322,serial_critical_path
mutating,gpurir_generate_rir,libafl-plus,LibAFL+,1,False,0,False,complete,gpu_overhead,148792194,ns,0.0049612527222760265,serial_critical_path
mutating,gpurir_generate_rir,libafl-plus,LibAFL+,1,False,0,False,complete,memcpy,10579909491,ns,0.3527712264506142,serial_critical_path
mutating,gpurir_generate_rir,libafl-plus,LibAFL+,1,False,0,False,complete,free,1629658,ns,5.433850373144511e-05,serial_critical_path
mutating,gpurir_generate_rir,libafl-plus,LibAFL+,1,False,0,False,complete,launch,986119170,ns,0.03288066588124291,serial_critical_path
mutating,gpurir_generate_rir,libafl-plus,LibAFL+,1,False,0,False,complete,idle,5896963715,ns,0.1966254176224238,serial_critical_path
mutating,gpurir_generate_rir,libafl-plus,LibAFL+,1,False,0,False,complete,allocation,0,ns,0.0,serial_critical_path
mutating,gpurir_generate_rir,gunit-sync,GUnit-s-GPU,1,False,0,False,complete,kernel_exec,15315314309,cycles,0.2616756038561632,persistent_device_cycles
mutating,gpurir_generate_rir,gunit-sync,GUnit-s-GPU,1,False,0,False,complete,feedback,2167243756,cycles,0.03702926411516973,persistent_device_cycles
mutating,gpurir_generate_rir,gunit-sync,GUnit-s-GPU,1,False,0,False,complete,gpu_overhead,1044408239,cycles,0.01784463257486497,persistent_device_cycles
mutating,gpurir_generate_rir,gunit-sync,GUnit-s-GPU,1,False,0,False,complete,memcpy,0,cycles,0.0,persistent_device_cycles
mutating,gpurir_generate_rir,gunit-sync,GUnit-s-GPU,1,False,0,False,complete,free,0,cycles,0.0,persistent_device_cycles
mutating,gpurir_generate_rir,gunit-sync,GUnit-s-GPU,1,False,0,False,complete,launch,0,cycles,0.0,persistent_device_cycles
mutating,gpurir_generate_rir,gunit-sync,GUnit-s-GPU,1,False,0,False,complete,idle,40000898286,cycles,0.6834504994538021,persistent_device_cycles
mutating,gpurir_generate_rir,gunit-sync,GUnit-s-GPU,1,False,0,False,complete,allocation,0,cycles,0.0,persistent_device_cycles
mutating,gpurir_generate_rir,gunit-sync,GUnit-s-CPU,1,False,0,False,complete,kernel_exec,0,ns,0.0,host_thread_time
mutating,gpurir_generate_rir,gunit-sync,GUnit-s-CPU,1,False,0,False,complete,feedback,0,ns,0.0,host_thread_time
mutating,gpurir_generate_rir,gunit-sync,GUnit-s-CPU,1,False,0,False,complete,gpu_overhead,0,ns,0.0,host_thread_time
mutating,gpurir_generate_rir,gunit-sync,GUnit-s-CPU,1,False,0,False,complete,memcpy,24369291466,ns,0.8127019546997617,host_thread_time
mutating,gpurir_generate_rir,gunit-sync,GUnit-s-CPU,1,False,0,False,complete,free,0,ns,0.0,host_thread_time
mutating,gpurir_generate_rir,gunit-sync,GUnit-s-CPU,1,False,0,False,complete,launch,0,ns,0.0,host_thread_time
mutating,gpurir_generate_rir,gunit-sync,GUnit-s-CPU,1,False,0,False,complete,idle,5616229456,ns,0.18729804530023833,host_thread_time
mutating,gpurir_generate_rir,gunit-sync,GUnit-s-CPU,1,False,0,False,complete,allocation,0,ns,0.0,host_thread_time
mutating,gpurir_generate_rir,gunit,GUnit-GPU,1,False,0,False,complete,kernel_exec,26564768782,cycles,0.447566391806431,persistent_device_cycles
mutating,gpurir_generate_rir,gunit,GUnit-GPU,1,False,0,False,complete,feedback,3495703589,cycles,0.05889603086677907,persistent_device_cycles
mutating,gpurir_generate_rir,gunit,GUnit-GPU,1,False,0,False,complete,gpu_overhead,1687256747,cycles,0.02842710284824817,persistent_device_cycles
mutating,gpurir_generate_rir,gunit,GUnit-GPU,1,False,0,False,complete,memcpy,0,cycles,0.0,persistent_device_cycles
mutating,gpurir_generate_rir,gunit,GUnit-GPU,1,False,0,False,complete,free,0,cycles,0.0,persistent_device_cycles
mutating,gpurir_generate_rir,gunit,GUnit-GPU,1,False,0,False,complete,launch,0,cycles,0.0,persistent_device_cycles
mutating,gpurir_generate_rir,gunit,GUnit-GPU,1,False,0,False,complete,idle,27606076861,cycles,0.46511047447854176,persistent_device_cycles
mutating,gpurir_generate_rir,gunit,GUnit-GPU,1,False,0,False,complete,allocation,0,cycles,0.0,persistent_device_cycles
mutating,gpurir_generate_rir,gunit,GUnit-Coll,1,False,0,False,complete,kernel_exec,0,ns,0.0,host_thread_time
mutating,gpurir_generate_rir,gunit,GUnit-Coll,1,False,0,False,complete,feedback,0,ns,0.0,host_thread_time
mutating,gpurir_generate_rir,gunit,GUnit-Coll,1,False,0,False,complete,gpu_overhead,0,ns,0.0,host_thread_time
mutating,gpurir_generate_rir,gunit,GUnit-Coll,1,False,0,False,complete,memcpy,3701065228,ns,0.12441557244736977,host_thread_time
mutating,gpurir_generate_rir,gunit,GUnit-Coll,1,False,0,False,complete,free,0,ns,0.0,host_thread_time
mutating,gpurir_generate_rir,gunit,GUnit-Coll,1,False,0,False,complete,launch,0,ns,0.0,host_thread_time
mutating,gpurir_generate_rir,gunit,GUnit-Coll,1,False,0,False,complete,idle,26046539153,ns,0.8755844275526302,host_thread_time
mutating,gpurir_generate_rir,gunit,GUnit-Coll,1,False,0,False,complete,allocation,0,ns,0.0,host_thread_time
mutating,gpurir_generate_rir,gunit,GUnit-Disp,1,False,0,False,complete,kernel_exec,0,ns,0.0,host_thread_time
mutating,gpurir_generate_rir,gunit,GUnit-Disp,1,False,0,False,complete,feedback,0,ns,0.0,host_thread_time
mutating,gpurir_generate_rir,gunit,GUnit-Disp,1,False,0,False,complete,gpu_overhead,0,ns,0.0,host_thread_time
mutating,gpurir_generate_rir,gunit,GUnit-Disp,1,False,0,False,complete,memcpy,6468932127,ns,0.21746060772314665,host_thread_time
mutating,gpurir_generate_rir,gunit,GUnit-Disp,1,False,0,False,complete,free,0,ns,0.0,host_thread_time
mutating,gpurir_generate_rir,gunit,GUnit-Disp,1,False,0,False,complete,launch,0,ns,0.0,host_thread_time
mutating,gpurir_generate_rir,gunit,GUnit-Disp,1,False,0,False,complete,idle,23278672254,ns,0.7825393922768533,host_thread_time
mutating,gpurir_generate_rir,gunit,GUnit-Disp,1,False,0,False,complete,allocation,0,ns,0.0,host_thread_time
mutating,apex_index_mul_2d_vgeo,cufuzz,CuFuzz,1,False,0,False,complete,kernel_exec,293016696,ns,0.009770883715346394,serial_critical_path
mutating,apex_index_mul_2d_vgeo,cufuzz,CuFuzz,1,False,0,False,complete,feedback,3762736763,ns,0.12547156481053184,serial_critical_path
mutating,apex_index_mul_2d_vgeo,cufuzz,CuFuzz,1,False,0,False,complete,gpu_overhead,0,ns,0.0,serial_critical_path
mutating,apex_index_mul_2d_vgeo,cufuzz,CuFuzz,1,False,0,False,complete,memcpy,2386798351,ns,0.07958976214652809,serial_critical_path
mutating,apex_index_mul_2d_vgeo,cufuzz,CuFuzz,1,False,0,False,complete,free,8490780969,ns,0.28313210350503437,serial_critical_path
mutating,apex_index_mul_2d_vgeo,cufuzz,CuFuzz,1,False,0,False,complete,launch,971075370,ns,0.03238131017321612,serial_critical_path
mutating,apex_index_mul_2d_vgeo,cufuzz,CuFuzz,1,False,0,False,complete,idle,4354341701,ns,0.14519912004384428,serial_critical_path
mutating,apex_index_mul_2d_vgeo,cufuzz,CuFuzz,1,False,0,False,complete,allocation,9730011099,ns,0.3244552556054989,serial_critical_path
mutating,apex_index_mul_2d_vgeo,libafl,LibAFL,1,False,0,False,complete,kernel_exec,562832332,ns,0.018771045318577085,serial_critical_path
mutating,apex_index_mul_2d_vgeo,libafl,LibAFL,1,False,0,False,complete,feedback,10101527606,ns,0.3368964817733383,serial_critical_path
mutating,apex_index_mul_2d_vgeo,libafl,LibAFL,1,False,0,False,complete,gpu_overhead,805165097,ns,0.026853095789677404,serial_critical_path
mutating,apex_index_mul_2d_vgeo,libafl,LibAFL,1,False,0,False,complete,memcpy,7911821127,ns,0.2638674867871532,serial_critical_path
mutating,apex_index_mul_2d_vgeo,libafl,LibAFL,1,False,0,False,complete,free,391442,ns,1.3054998982529048e-05,serial_critical_path
mutating,apex_index_mul_2d_vgeo,libafl,LibAFL,1,False,0,False,complete,launch,1447932623,ns,0.048290063202302294,serial_critical_path
mutating,apex_index_mul_2d_vgeo,libafl,LibAFL,1,False,0,False,complete,idle,9154399517,ns,0.3053087721299692,serial_critical_path
mutating,apex_index_mul_2d_vgeo,libafl,LibAFL,1,False,0,False,complete,allocation,0,ns,0.0,serial_critical_path
mutating,apex_index_mul_2d_vgeo,libafl-plus,LibAFL+,1,False,0,False,complete,kernel_exec,3156122778,ns,0.1052403317083105,serial_critical_path
mutating,apex_index_mul_2d_vgeo,libafl-plus,LibAFL+,1,False,0,False,complete,feedback,6569131808,ns,0.21904648809246466,serial_critical_path
mutating,apex_index_mul_2d_vgeo,libafl-plus,LibAFL+,1,False,0,False,complete,gpu_overhead,241089072,ns,0.008039070623420706,serial_critical_path
mutating,apex_index_mul_2d_vgeo,libafl-plus,LibAFL+,1,False,0,False,complete,memcpy,11778527276,ns,0.3927528188073623,serial_critical_path
mutating,apex_index_mul_2d_vgeo,libafl-plus,LibAFL+,1,False,0,False,complete,free,590079,ns,1.9676075381788633e-05,serial_critical_path
mutating,apex_index_mul_2d_vgeo,libafl-plus,LibAFL+,1,False,0,False,complete,launch,1012709462,ns,0.03376861015925429,serial_critical_path
mutating,apex_index_mul_2d_vgeo,libafl-plus,LibAFL+,1,False,0,False,complete,idle,7231499139,ns,0.2411330045338058,serial_critical_path
mutating,apex_index_mul_2d_vgeo,libafl-plus,LibAFL+,1,False,0,False,complete,allocation,0,ns,0.0,serial_critical_path
mutating,apex_index_mul_2d_vgeo,gunit-sync,GUnit-s-GPU,1,False,0,False,complete,kernel_exec,7989722583,cycles,0.13693635286193653,persistent_device_cycles
mutating,apex_index_mul_2d_vgeo,gunit-sync,GUnit-s-GPU,1,False,0,False,complete,feedback,1542280111,cycles,0.026433234858642983,persistent_device_cycles
mutating,apex_index_mul_2d_vgeo,gunit-sync,GUnit-s-GPU,1,False,0,False,complete,gpu_overhead,1321013093,cycles,0.022640925659068806,persistent_device_cycles
mutating,apex_index_mul_2d_vgeo,gunit-sync,GUnit-s-GPU,1,False,0,False,complete,memcpy,0,cycles,0.0,persistent_device_cycles
mutating,apex_index_mul_2d_vgeo,gunit-sync,GUnit-s-GPU,1,False,0,False,complete,free,0,cycles,0.0,persistent_device_cycles
mutating,apex_index_mul_2d_vgeo,gunit-sync,GUnit-s-GPU,1,False,0,False,complete,launch,0,cycles,0.0,persistent_device_cycles
mutating,apex_index_mul_2d_vgeo,gunit-sync,GUnit-s-GPU,1,False,0,False,complete,idle,47493233518,cycles,0.8139894866203516,persistent_device_cycles
mutating,apex_index_mul_2d_vgeo,gunit-sync,GUnit-s-GPU,1,False,0,False,complete,allocation,0,cycles,0.0,persistent_device_cycles
mutating,apex_index_mul_2d_vgeo,gunit-sync,GUnit-s-CPU,1,False,0,False,complete,kernel_exec,0,ns,0.0,host_thread_time
mutating,apex_index_mul_2d_vgeo,gunit-sync,GUnit-s-CPU,1,False,0,False,complete,feedback,0,ns,0.0,host_thread_time
mutating,apex_index_mul_2d_vgeo,gunit-sync,GUnit-s-CPU,1,False,0,False,complete,gpu_overhead,0,ns,0.0,host_thread_time
mutating,apex_index_mul_2d_vgeo,gunit-sync,GUnit-s-CPU,1,False,0,False,complete,memcpy,24693003302,ns,0.8235315501751943,host_thread_time
mutating,apex_index_mul_2d_vgeo,gunit-sync,GUnit-s-CPU,1,False,0,False,complete,free,0,ns,0.0,host_thread_time
mutating,apex_index_mul_2d_vgeo,gunit-sync,GUnit-s-CPU,1,False,0,False,complete,launch,0,ns,0.0,host_thread_time
mutating,apex_index_mul_2d_vgeo,gunit-sync,GUnit-s-CPU,1,False,0,False,complete,idle,5291279992,ns,0.17646844982480575,host_thread_time
mutating,apex_index_mul_2d_vgeo,gunit-sync,GUnit-s-CPU,1,False,0,False,complete,allocation,0,ns,0.0,host_thread_time
mutating,apex_index_mul_2d_vgeo,gunit,GUnit-GPU,1,False,0,False,complete,kernel_exec,13588421068,cycles,0.22893505019103907,persistent_device_cycles
mutating,apex_index_mul_2d_vgeo,gunit,GUnit-GPU,1,False,0,False,complete,feedback,2474098102,cycles,0.04168311905588386,persistent_device_cycles
mutating,apex_index_mul_2d_vgeo,gunit,GUnit-GPU,1,False,0,False,complete,gpu_overhead,2660805493,cycles,0.044828728521157386,persistent_device_cycles
mutating,apex_index_mul_2d_vgeo,gunit,GUnit-GPU,1,False,0,False,complete,memcpy,0,cycles,0.0,persistent_device_cycles
mutating,apex_index_mul_2d_vgeo,gunit,GUnit-GPU,1,False,0,False,complete,free,0,cycles,0.0,persistent_device_cycles
mutating,apex_index_mul_2d_vgeo,gunit,GUnit-GPU,1,False,0,False,complete,launch,0,cycles,0.0,persistent_device_cycles
mutating,apex_index_mul_2d_vgeo,gunit,GUnit-GPU,1,False,0,False,complete,idle,40631593060,cycles,0.6845531022319197,persistent_device_cycles
mutating,apex_index_mul_2d_vgeo,gunit,GUnit-GPU,1,False,0,False,complete,allocation,0,cycles,0.0,persistent_device_cycles
mutating,apex_index_mul_2d_vgeo,gunit,GUnit-Coll,1,False,0,False,complete,kernel_exec,0,ns,0.0,host_thread_time
mutating,apex_index_mul_2d_vgeo,gunit,GUnit-Coll,1,False,0,False,complete,feedback,0,ns,0.0,host_thread_time
mutating,apex_index_mul_2d_vgeo,gunit,GUnit-Coll,1,False,0,False,complete,gpu_overhead,0,ns,0.0,host_thread_time
mutating,apex_index_mul_2d_vgeo,gunit,GUnit-Coll,1,False,0,False,complete,memcpy,4109600190,ns,0.13832134696387635,host_thread_time
mutating,apex_index_mul_2d_vgeo,gunit,GUnit-Coll,1,False,0,False,complete,free,0,ns,0.0,host_thread_time
mutating,apex_index_mul_2d_vgeo,gunit,GUnit-Coll,1,False,0,False,complete,launch,0,ns,0.0,host_thread_time
mutating,apex_index_mul_2d_vgeo,gunit,GUnit-Coll,1,False,0,False,complete,idle,25600927362,ns,0.8616786530361237,host_thread_time
mutating,apex_index_mul_2d_vgeo,gunit,GUnit-Coll,1,False,0,False,complete,allocation,0,ns,0.0,host_thread_time
mutating,apex_index_mul_2d_vgeo,gunit,GUnit-Disp,1,False,0,False,complete,kernel_exec,0,ns,0.0,host_thread_time
mutating,apex_index_mul_2d_vgeo,gunit,GUnit-Disp,1,False,0,False,complete,feedback,0,ns,0.0,host_thread_time
mutating,apex_index_mul_2d_vgeo,gunit,GUnit-Disp,1,False,0,False,complete,gpu_overhead,0,ns,0.0,host_thread_time
mutating,apex_index_mul_2d_vgeo,gunit,GUnit-Disp,1,False,0,False,complete,memcpy,7362417390,ns,0.2478050037016051,host_thread_time
mutating,apex_index_mul_2d_vgeo,gunit,GUnit-Disp,1,False,0,False,complete,free,0,ns,0.0,host_thread_time
mutating,apex_index_mul_2d_vgeo,gunit,GUnit-Disp,1,False,0,False,complete,launch,0,ns,0.0,host_thread_time
mutating,apex_index_mul_2d_vgeo,gunit,GUnit-Disp,1,False,0,False,complete,idle,22348110162,ns,0.7521949962983949,host_thread_time
mutating,apex_index_mul_2d_vgeo,gunit,GUnit-Disp,1,False,0,False,complete,allocation,0,ns,0.0,host_thread_time
mutating,cuda_samples_inverse_cnd,cufuzz,CuFuzz,1,False,0,False,complete,kernel_exec,241712783,ns,0.008059250083922198,serial_critical_path
mutating,cuda_samples_inverse_cnd,cufuzz,CuFuzz,1,False,0,False,complete,feedback,3977922949,ns,0.13263293510035126,serial_critical_path
mutating,cuda_samples_inverse_cnd,cufuzz,CuFuzz,1,False,0,False,complete,gpu_overhead,0,ns,0.0,serial_critical_path
mutating,cuda_samples_inverse_cnd,cufuzz,CuFuzz,1,False,0,False,complete,memcpy,2533638938,ns,0.0844772443156432,serial_critical_path
mutating,cuda_samples_inverse_cnd,cufuzz,CuFuzz,1,False,0,False,complete,free,8227299575,ns,0.27431674885921037,serial_critical_path
mutating,cuda_samples_inverse_cnd,cufuzz,CuFuzz,1,False,0,False,complete,launch,1016654509,ns,0.03389755740381398,serial_critical_path
mutating,cuda_samples_inverse_cnd,cufuzz,CuFuzz,1,False,0,False,complete,idle,3915322242,ns,0.1305456861477655,serial_critical_path
mutating,cuda_samples_inverse_cnd,cufuzz,CuFuzz,1,False,0,False,complete,allocation,10079418540,ns,0.3360705780892935,serial_critical_path
mutating,cuda_samples_inverse_cnd,libafl,LibAFL,1,False,0,False,complete,kernel_exec,584600457,ns,0.0194979143085195,serial_critical_path
mutating,cuda_samples_inverse_cnd,libafl,LibAFL,1,False,0,False,complete,feedback,10810794615,ns,0.36056753717227086,serial_critical_path
mutating,cuda_samples_inverse_cnd,libafl,LibAFL,1,False,0,False,complete,gpu_overhead,580021076,ns,0.01934518028777948,serial_critical_path
mutating,cuda_samples_inverse_cnd,libafl,LibAFL,1,False,0,False,complete,memcpy,8357705135,ns,0.2787507546168466,serial_critical_path
mutating,cuda_samples_inverse_cnd,libafl,LibAFL,1,False,0,False,complete,free,408952,ns,1.3639590863846461e-05,serial_critical_path
mutating,cuda_samples_inverse_cnd,libafl,LibAFL,1,False,0,False,complete,launch,1503134593,ns,0.05013336739229633,serial_critical_path
mutating,cuda_samples_inverse_cnd,libafl,LibAFL,1,False,0,False,complete,idle,8146052695,ns,0.27169160663142333,serial_critical_path
mutating,cuda_samples_inverse_cnd,libafl,LibAFL,1,False,0,False,complete,allocation,0,ns,0.0,serial_critical_path
mutating,cuda_samples_inverse_cnd,libafl-plus,LibAFL+,1,False,0,False,complete,kernel_exec,1682545683,ns,0.05610664190508392,serial_critical_path
mutating,cuda_samples_inverse_cnd,libafl-plus,LibAFL+,1,False,0,False,complete,feedback,8383920073,ns,0.27957255844485507,serial_critical_path
mutating,cuda_samples_inverse_cnd,libafl-plus,LibAFL+,1,False,0,False,complete,gpu_overhead,142040021,ns,0.004736506518044777,serial_critical_path
mutating,cuda_samples_inverse_cnd,libafl-plus,LibAFL+,1,False,0,False,complete,memcpy,12275637911,ns,0.4093468768116351,serial_critical_path
mutating,cuda_samples_inverse_cnd,libafl-plus,LibAFL+,1,False,0,False,complete,free,434485,ns,1.448845909768406e-05,serial_critical_path
mutating,cuda_samples_inverse_cnd,libafl-plus,LibAFL+,1,False,0,False,complete,launch,1022267447,ns,0.034088818009260176,serial_critical_path
mutating,cuda_samples_inverse_cnd,libafl-plus,LibAFL+,1,False,0,False,complete,idle,6481505596,ns,0.21613410985202328,serial_critical_path
mutating,cuda_samples_inverse_cnd,libafl-plus,LibAFL+,1,False,0,False,complete,allocation,0,ns,0.0,serial_critical_path
mutating,cuda_samples_inverse_cnd,gunit-sync,GUnit-s-GPU,1,False,0,False,complete,kernel_exec,3610000602,cycles,0.06191955995092961,persistent_device_cycles
mutating,cuda_samples_inverse_cnd,gunit-sync,GUnit-s-GPU,1,False,0,False,complete,feedback,2219506738,cycles,0.03806948964189763,persistent_device_cycles
mutating,cuda_samples_inverse_cnd,gunit-sync,GUnit-s-GPU,1,False,0,False,complete,gpu_overhead,1152122080,cycles,0.01976146268890559,persistent_device_cycles
mutating,cuda_samples_inverse_cnd,gunit-sync,GUnit-s-GPU,1,False,0,False,complete,memcpy,0,cycles,0.0,persistent_device_cycles
mutating,cuda_samples_inverse_cnd,gunit-sync,GUnit-s-GPU,1,False,0,False,complete,free,0,cycles,0.0,persistent_device_cycles
mutating,cuda_samples_inverse_cnd,gunit-sync,GUnit-s-GPU,1,False,0,False,complete,launch,0,cycles,0.0,persistent_device_cycles
mutating,cuda_samples_inverse_cnd,gunit-sync,GUnit-s-GPU,1,False,0,False,complete,idle,51319828227,cycles,0.8802494877182672,persistent_device_cycles
mutating,cuda_samples_inverse_cnd,gunit-sync,GUnit-s-GPU,1,False,0,False,complete,allocation,0,cycles,0.0,persistent_device_cycles
mutating,cuda_samples_inverse_cnd,gunit-sync,GUnit-s-CPU,1,False,0,False,complete,kernel_exec,0,ns,0.0,host_thread_time
mutating,cuda_samples_inverse_cnd,gunit-sync,GUnit-s-CPU,1,False,0,False,complete,feedback,0,ns,0.0,host_thread_time
mutating,cuda_samples_inverse_cnd,gunit-sync,GUnit-s-CPU,1,False,0,False,complete,gpu_overhead,0,ns,0.0,host_thread_time
mutating,cuda_samples_inverse_cnd,gunit-sync,GUnit-s-CPU,1,False,0,False,complete,memcpy,24365941472,ns,0.8126249452478912,host_thread_time
mutating,cuda_samples_inverse_cnd,gunit-sync,GUnit-s-CPU,1,False,0,False,complete,free,0,ns,0.0,host_thread_time
mutating,cuda_samples_inverse_cnd,gunit-sync,GUnit-s-CPU,1,False,0,False,complete,launch,0,ns,0.0,host_thread_time
mutating,cuda_samples_inverse_cnd,gunit-sync,GUnit-s-CPU,1,False,0,False,complete,idle,5618298631,ns,0.18737505475210875,host_thread_time
mutating,cuda_samples_inverse_cnd,gunit-sync,GUnit-s-CPU,1,False,0,False,complete,allocation,0,ns,0.0,host_thread_time
mutating,cuda_samples_inverse_cnd,gunit,GUnit-GPU,1,False,0,False,complete,kernel_exec,6479431056,cycles,0.1094964365360857,persistent_device_cycles
mutating,cuda_samples_inverse_cnd,gunit,GUnit-GPU,1,False,0,False,complete,feedback,3774034629,cycles,0.06377772055412519,persistent_device_cycles
mutating,cuda_samples_inverse_cnd,gunit,GUnit-GPU,1,False,0,False,complete,gpu_overhead,2199604036,cycles,0.03717128890651043,persistent_device_cycles
mutating,cuda_samples_inverse_cnd,gunit,GUnit-GPU,1,False,0,False,complete,memcpy,0,cycles,0.0,persistent_device_cycles
mutating,cuda_samples_inverse_cnd,gunit,GUnit-GPU,1,False,0,False,complete,free,0,cycles,0.0,persistent_device_cycles
mutating,cuda_samples_inverse_cnd,gunit,GUnit-GPU,1,False,0,False,complete,launch,0,cycles,0.0,persistent_device_cycles
mutating,cuda_samples_inverse_cnd,gunit,GUnit-GPU,1,False,0,False,complete,idle,46721742364,cycles,0.7895545540032787,persistent_device_cycles
mutating,cuda_samples_inverse_cnd,gunit,GUnit-GPU,1,False,0,False,complete,allocation,0,cycles,0.0,persistent_device_cycles
mutating,cuda_samples_inverse_cnd,gunit,GUnit-Coll,1,False,0,False,complete,kernel_exec,0,ns,0.0,host_thread_time
mutating,cuda_samples_inverse_cnd,gunit,GUnit-Coll,1,False,0,False,complete,feedback,0,ns,0.0,host_thread_time
mutating,cuda_samples_inverse_cnd,gunit,GUnit-Coll,1,False,0,False,complete,gpu_overhead,0,ns,0.0,host_thread_time
mutating,cuda_samples_inverse_cnd,gunit,GUnit-Coll,1,False,0,False,complete,memcpy,4319778187,ns,0.14547740365397688,host_thread_time
mutating,cuda_samples_inverse_cnd,gunit,GUnit-Coll,1,False,0,False,complete,free,0,ns,0.0,host_thread_time
mutating,cuda_samples_inverse_cnd,gunit,GUnit-Coll,1,False,0,False,complete,launch,0,ns,0.0,host_thread_time
mutating,cuda_samples_inverse_cnd,gunit,GUnit-Coll,1,False,0,False,complete,idle,25374030463,ns,0.8545225963460231,host_thread_time
mutating,cuda_samples_inverse_cnd,gunit,GUnit-Coll,1,False,0,False,complete,allocation,0,ns,0.0,host_thread_time
mutating,cuda_samples_inverse_cnd,gunit,GUnit-Disp,1,False,0,False,complete,kernel_exec,0,ns,0.0,host_thread_time
mutating,cuda_samples_inverse_cnd,gunit,GUnit-Disp,1,False,0,False,complete,feedback,0,ns,0.0,host_thread_time
mutating,cuda_samples_inverse_cnd,gunit,GUnit-Disp,1,False,0,False,complete,gpu_overhead,0,ns,0.0,host_thread_time
mutating,cuda_samples_inverse_cnd,gunit,GUnit-Disp,1,False,0,False,complete,memcpy,6649346059,ns,0.22393038688218259,host_thread_time
mutating,cuda_samples_inverse_cnd,gunit,GUnit-Disp,1,False,0,False,complete,free,0,ns,0.0,host_thread_time
mutating,cuda_samples_inverse_cnd,gunit,GUnit-Disp,1,False,0,False,complete,launch,0,ns,0.0,host_thread_time
mutating,cuda_samples_inverse_cnd,gunit,GUnit-Disp,1,False,0,False,complete,idle,23044462591,ns,0.7760696131178174,host_thread_time
mutating,cuda_samples_inverse_cnd,gunit,GUnit-Disp,1,False,0,False,complete,allocation,0,ns,0.0,host_thread_time
mutating,synth_complex,cufuzz,CuFuzz,1,False,0,False,complete,kernel_exec,1528782297,ns,0.05097320718159672,serial_critical_path
mutating,synth_complex,cufuzz,CuFuzz,1,False,0,False,complete,feedback,3698858897,ns,0.12332867881990743,serial_critical_path
mutating,synth_complex,cufuzz,CuFuzz,1,False,0,False,complete,gpu_overhead,0,ns,0.0,serial_critical_path
mutating,synth_complex,cufuzz,CuFuzz,1,False,0,False,complete,memcpy,2532150367,ns,0.0844278649257849,serial_critical_path
mutating,synth_complex,cufuzz,CuFuzz,1,False,0,False,complete,free,7915184264,ns,0.26391091011527207,serial_critical_path
mutating,synth_complex,cufuzz,CuFuzz,1,False,0,False,complete,launch,984954481,ns,0.032840705261290105,serial_critical_path
mutating,synth_complex,cufuzz,CuFuzz,1,False,0,False,complete,idle,3763176016,ns,0.12547316324947197,serial_critical_path
mutating,synth_complex,cufuzz,CuFuzz,1,False,0,False,complete,allocation,9568773364,ns,0.3190454704466768,serial_critical_path
mutating,synth_complex,libafl,LibAFL,1,False,0,False,complete,kernel_exec,4335040517,ns,0.14457253586172703,serial_critical_path
mutating,synth_complex,libafl,LibAFL,1,False,0,False,complete,feedback,9316864648,ns,0.31071514629671376,serial_critical_path
mutating,synth_complex,libafl,LibAFL,1,False,0,False,complete,gpu_overhead,213772569,ns,0.007129262639370623,serial_critical_path
mutating,synth_complex,libafl,LibAFL,1,False,0,False,complete,memcpy,7169403307,ns,0.2390978383347926,serial_critical_path
mutating,synth_complex,libafl,LibAFL,1,False,0,False,complete,free,433008,ns,1.4440710383887444e-05,serial_critical_path
mutating,synth_complex,libafl,LibAFL,1,False,0,False,complete,launch,1259838537,ns,0.042015305590837736,serial_critical_path
mutating,synth_complex,libafl,LibAFL,1,False,0,False,complete,idle,7689875875,ns,0.2564554705661744,serial_critical_path
mutating,synth_complex,libafl,LibAFL,1,False,0,False,complete,allocation,0,ns,0.0,serial_critical_path
mutating,synth_complex,libafl-plus,LibAFL+,1,False,0,False,complete,kernel_exec,14212821872,ns,0.4738616639704007,serial_critical_path
mutating,synth_complex,libafl-plus,LibAFL+,1,False,0,False,complete,feedback,4321555358,ns,0.14408253556715514,serial_critical_path
mutating,synth_complex,libafl-plus,LibAFL+,1,False,0,False,complete,gpu_overhead,68768767,ns,0.0022927806070665415,serial_critical_path
mutating,synth_complex,libafl-plus,LibAFL+,1,False,0,False,complete,memcpy,6919604815,ns,0.23070263464802654,serial_critical_path
mutating,synth_complex,libafl-plus,LibAFL+,1,False,0,False,complete,free,413168,ns,1.3775200853324428e-05,serial_critical_path
mutating,synth_complex,libafl-plus,LibAFL+,1,False,0,False,complete,launch,580641241,ns,0.019358831561250036,serial_critical_path
mutating,synth_complex,libafl-plus,LibAFL+,1,False,0,False,complete,idle,3889804629,ns,0.12968777844524773,serial_critical_path
mutating,synth_complex,libafl-plus,LibAFL+,1,False,0,False,complete,allocation,0,ns,0.0,serial_critical_path
mutating,synth_complex,gunit-sync,GUnit-s-GPU,1,False,0,False,complete,kernel_exec,33190635594,cycles,0.561595311152609,persistent_device_cycles
mutating,synth_complex,gunit-sync,GUnit-s-GPU,1,False,0,False,complete,feedback,679466749,cycles,0.011496777132869588,persistent_device_cycles
mutating,synth_complex,gunit-sync,GUnit-s-GPU,1,False,0,False,complete,gpu_overhead,528941948,cycles,0.008949853250849652,persistent_device_cycles
mutating,synth_complex,gunit-sync,GUnit-s-GPU,1,False,0,False,complete,memcpy,0,cycles,0.0,persistent_device_cycles
mutating,synth_complex,gunit-sync,GUnit-s-GPU,1,False,0,False,complete,free,0,cycles,0.0,persistent_device_cycles
mutating,synth_complex,gunit-sync,GUnit-s-GPU,1,False,0,False,complete,launch,0,cycles,0.0,persistent_device_cycles
mutating,synth_complex,gunit-sync,GUnit-s-GPU,1,False,0,False,complete,idle,24701583750,cycles,0.41795805846367184,persistent_device_cycles
mutating,synth_complex,gunit-sync,GUnit-s-GPU,1,False,0,False,complete,allocation,0,cycles,0.0,persistent_device_cycles
mutating,synth_complex,gunit-sync,GUnit-s-CPU,1,False,0,False,complete,kernel_exec,0,ns,0.0,host_thread_time
mutating,synth_complex,gunit-sync,GUnit-s-CPU,1,False,0,False,complete,feedback,0,ns,0.0,host_thread_time
mutating,synth_complex,gunit-sync,GUnit-s-CPU,1,False,0,False,complete,gpu_overhead,0,ns,0.0,host_thread_time
mutating,synth_complex,gunit-sync,GUnit-s-CPU,1,False,0,False,complete,memcpy,24539425085,ns,0.8181808002633411,host_thread_time
mutating,synth_complex,gunit-sync,GUnit-s-CPU,1,False,0,False,complete,free,0,ns,0.0,host_thread_time
mutating,synth_complex,gunit-sync,GUnit-s-CPU,1,False,0,False,complete,launch,0,ns,0.0,host_thread_time
mutating,synth_complex,gunit-sync,GUnit-s-CPU,1,False,0,False,complete,idle,5453242889,ns,0.18181919973665894,host_thread_time
mutating,synth_complex,gunit-sync,GUnit-s-CPU,1,False,0,False,complete,allocation,0,ns,0.0,host_thread_time
mutating,synth_complex,gunit,GUnit-GPU,1,False,0,False,complete,kernel_exec,51408445732,cycles,0.8644811892973786,persistent_device_cycles
mutating,synth_complex,gunit,GUnit-GPU,1,False,0,False,complete,feedback,985966124,cycles,0.016579944313544738,persistent_device_cycles
mutating,synth_complex,gunit,GUnit-GPU,1,False,0,False,complete,gpu_overhead,692205369,cycles,0.011640081938105905,persistent_device_cycles
mutating,synth_complex,gunit,GUnit-GPU,1,False,0,False,complete,memcpy,0,cycles,0.0,persistent_device_cycles
mutating,synth_complex,gunit,GUnit-GPU,1,False,0,False,complete,free,0,cycles,0.0,persistent_device_cycles
mutating,synth_complex,gunit,GUnit-GPU,1,False,0,False,complete,launch,0,cycles,0.0,persistent_device_cycles
mutating,synth_complex,gunit,GUnit-GPU,1,False,0,False,complete,idle,6380779369,cycles,0.10729878445097078,persistent_device_cycles
mutating,synth_complex,gunit,GUnit-GPU,1,False,0,False,complete,allocation,0,cycles,0.0,persistent_device_cycles
mutating,synth_complex,gunit,GUnit-Coll,1,False,0,False,complete,kernel_exec,0,ns,0.0,host_thread_time
mutating,synth_complex,gunit,GUnit-Coll,1,False,0,False,complete,feedback,0,ns,0.0,host_thread_time
mutating,synth_complex,gunit,GUnit-Coll,1,False,0,False,complete,gpu_overhead,0,ns,0.0,host_thread_time
mutating,synth_complex,gunit,GUnit-Coll,1,False,0,False,complete,memcpy,1834532836,ns,0.06136395115207603,host_thread_time
mutating,synth_complex,gunit,GUnit-Coll,1,False,0,False,complete,free,0,ns,0.0,host_thread_time
mutating,synth_complex,gunit,GUnit-Coll,1,False,0,False,complete,launch,0,ns,0.0,host_thread_time
mutating,synth_complex,gunit,GUnit-Coll,1,False,0,False,complete,idle,28061404462,ns,0.938636048847924,host_thread_time
mutating,synth_complex,gunit,GUnit-Coll,1,False,0,False,complete,allocation,0,ns,0.0,host_thread_time
mutating,synth_complex,gunit,GUnit-Disp,1,False,0,False,complete,kernel_exec,0,ns,0.0,host_thread_time
mutating,synth_complex,gunit,GUnit-Disp,1,False,0,False,complete,feedback,0,ns,0.0,host_thread_time
mutating,synth_complex,gunit,GUnit-Disp,1,False,0,False,complete,gpu_overhead,0,ns,0.0,host_thread_time
mutating,synth_complex,gunit,GUnit-Disp,1,False,0,False,complete,memcpy,4401413855,ns,0.14722448107671302,host_thread_time
mutating,synth_complex,gunit,GUnit-Disp,1,False,0,False,complete,free,0,ns,0.0,host_thread_time
mutating,synth_complex,gunit,GUnit-Disp,1,False,0,False,complete,launch,0,ns,0.0,host_thread_time
mutating,synth_complex,gunit,GUnit-Disp,1,False,0,False,complete,idle,25494523443,ns,0.852775518923287,host_thread_time
mutating,synth_complex,gunit,GUnit-Disp,1,False,0,False,complete,allocation,0,ns,0.0,host_thread_time
